{
  "text-to-game": -0.5072720188018565,
  "dataviz": 8.161541557312928,
  "threejs": 3.074965303733216,
  "p5-animation": 6.4015066650683154,
  "chat-arena": 11.730673643526934,
  "text-to-website": -1.4443700025640966
}