{
  "dataviz": 4.043188812499739,
  "text-to-game": -1.4027271527685476,
  "threejs": 3.074965303733216,
  "p5-animation": 6.084295367327712,
  "chat-arena": 11.730673643526934,
  "text-to-website": -1.0624818715464075
}