{
  "text-to-game": -1.8639743555800576,
  "dataviz": 4.043188812499739,
  "threejs": 3.2499099377088827,
  "p5-animation": 6.084295367327712,
  "chat-arena": 11.730673643526934,
  "text-to-website": -1.0624818715464075
}