{
  "tonejs": 4.829750007737083,
  "p5-animation": -1.1967545652927063,
  "chat-arena": 10.531755038657254,
  "text-to-website": 0.4083431694877704,
  "threejs": 11.117612228167896,
  "text-to-game": 6.163998948704329,
  "dataviz": 21.30434300972371
}