{
  "text-to-game": 6.918255843953522,
  "tonejs": 6.406779751778213,
  "p5-animation": 10.422964313110132,
  "dataviz": 17.84347796798194,
  "text-to-website": 4.2648981485539394,
  "threejs": 16.417300994336124,
  "chat-arena": 12.937947670632111
}