{
  "tonejs": 6.406779751778213,
  "p5-animation": 10.422964313110132,
  "threejs": 16.113739569706215,
  "dataviz": 17.84347796798194,
  "text-to-website": 4.006337430669057,
  "chat-arena": 13.084502511705052,
  "text-to-game": 7.373563002417885
}