{
  "dataviz": 28.060848842993092,
  "text-to-game": 15.495453241232454,
  "tonejs": 26.689732951831367,
  "p5-animation": 21.95834172088466,
  "text-to-website": 6.749908668822874,
  "chat-arena": 14.762929771187768,
  "threejs": 20.490989971792033
}