{
  "text-to-game": 6.918255843953522,
  "tonejs": 6.406779751778213,
  "p5-animation": 10.422964313110132,
  "threejs": 16.113739569706215,
  "dataviz": 17.84347796798194,
  "text-to-website": 3.896616429774072,
  "chat-arena": 13.084502511705052
}