{
  "chat-arena": 13.415024677751928,
  "p5-animation": 18.43619254655489,
  "text-to-website": 6.650075466923884,
  "dataviz": 22.746817341593925,
  "tonejs": 12.223271969602685,
  "text-to-game": 13.699353646481638,
  "threejs": 19.75061264670117
}