{
  "dataviz": 12.315353114453735,
  "threejs": 6.141709546367604,
  "text-to-website": 11.279096244206867,
  "chat-arena": 8.95491446388706,
  "text-to-game": 16.15706188752687
}