{
  "tonejs": 11.335382352214243,
  "threejs": 18.46096193728624,
  "dataviz": 21.817124204080653,
  "text-to-website": 6.177712056404602,
  "p5-animation": 18.764813237360435,
  "chat-arena": 12.455239251537423,
  "text-to-game": 12.477139063360354
}