{
  "dataviz": 4.124375723786807,
  "p5-animation": 9.2275576890943,
  "tonejs": 7.858387722501778,
  "text-to-game": 2.424920922766753,
  "threejs": 6.743321474390194,
  "chat-arena": 8.915128293939873,
  "text-to-website": 3.328363739067548
}