{
  "dataviz": 13.966790866804406,
  "text-to-game": 5.762421923559536,
  "tonejs": 7.2973865380037335,
  "p5-animation": 13.110222899061943,
  "chat-arena": 12.0242317591002,
  "threejs": 11.95194187638851,
  "text-to-website": 0.883681919763144
}