{
  "text-to-website": 2.6857328274521666,
  "dataviz": 11.341561864607193,
  "p5-animation": 12.042849916856191,
  "tonejs": 13.94417215421101,
  "chat-arena": 8.55367054268184,
  "text-to-game": 4.063003879328315,
  "threejs": 9.070432883198883
}