{
  "dataviz": 13.966790866804406,
  "tonejs": 7.2973865380037335,
  "p5-animation": 13.554787653300275,
  "text-to-game": 6.371102272076345,
  "chat-arena": 12.148648037234212,
  "threejs": 11.95194187638851,
  "text-to-website": 1.3425278843626485
}