{
  "dataviz": 26.984558917965213,
  "threejs": 20.32517587372973,
  "chat-arena": 14.858688030244966,
  "tonejs": 24.091033853991195,
  "text-to-game": 16.063431366631434,
  "p5-animation": 21.344360736990033,
  "text-to-website": 8.399952408114498
}