{
  "tonejs": 4.829750007737083,
  "p5-animation": 0.17762628738166697,
  "chat-arena": 10.98178278306456,
  "threejs": 11.117612228167896,
  "dataviz": 20.430777319675137,
  "text-to-game": 9.508194511294695,
  "text-to-website": 1.5993067104616774
}