{
  "p5-animation": 13.867049043432194,
  "dataviz": 15.266048005917407,
  "chat-arena": 11.798522124194815,
  "text-to-game": 6.660964642466491,
  "threejs": 12.771726134976312,
  "tonejs": 17.459976053867422,
  "text-to-website": 1.9845300452692962
}