{
  "dataviz": 11.341561864607193,
  "p5-animation": 12.042849916856191,
  "tonejs": 13.94417215421101,
  "text-to-game": 5.101081423655987,
  "chat-arena": 8.55964788100891,
  "text-to-website": 3.156952927008894,
  "threejs": 9.070432883198883
}