{
  "tonejs": 4.829750007737083,
  "p5-animation": 0.5639041311448185,
  "chat-arena": 11.153057972243714,
  "text-to-website": 1.8889508298882256,
  "threejs": 11.117612228167896,
  "dataviz": 20.430777319675137,
  "text-to-game": 9.964936842541242
}