{
  "p5-animation": 18.43619254655489,
  "text-to-website": 6.26938237464272,
  "tonejs": 11.335382352214243,
  "dataviz": 21.871053982949842,
  "text-to-game": 13.85151776163788,
  "chat-arena": 13.26336591265267,
  "threejs": 19.75327378393571
}