{
  "tonejs": 7.2973865380037335,
  "p5-animation": 15.088654168575276,
  "text-to-website": 1.5145207421549012,
  "chat-arena": 11.830082567973399,
  "threejs": 12.675890428974917,
  "text-to-game": 6.342042827147135,
  "dataviz": 14.977174385342423
}