{
  "text-to-game": 15.347587969932253,
  "dataviz": 28.13294313938987,
  "p5-animation": 22.09438146414705,
  "threejs": 20.501339991765885,
  "tonejs": 25.368568636398024,
  "text-to-website": 6.807374361990548,
  "chat-arena": 14.914903014921457
}