{
  "text-to-website": 1.8385781218897077,
  "tonejs": 8.615601619932114,
  "dataviz": 15.742359053377825,
  "p5-animation": 9.06142991389526,
  "text-to-game": 0.8680268212831437,
  "threejs": 9.75007066045102,
  "chat-arena": 11.461334806895758
}