{
  "tonejs": 0.8656802909461199,
  "dataviz": 20.855803253045035,
  "p5-animation": 15.999299285694839,
  "text-to-website": 10.513748513954058,
  "text-to-game": 14.007976634299906,
  "chat-arena": 9.414621629899091,
  "threejs": 18.306016503249225
}