{
  "text-to-website": -0.54711462562103,
  "tonejs": 5.773495604330549,
  "dataviz": 15.189039518188796,
  "p5-animation": 10.997467729965145,
  "text-to-game": -2.6399718251440114,
  "threejs": 7.230671255022488,
  "chat-arena": 11.507750235010707
}