{
  "tonejs": 11.335382352214243,
  "threejs": 18.46096193728624,
  "dataviz": 21.817124204080653,
  "text-to-website": 6.190127126552182,
  "p5-animation": 18.764813237360435,
  "text-to-game": 11.06049137461386,
  "chat-arena": 12.547751716518501
}