{
  "tonejs": 16.857603293089994,
  "p5-animation": 13.867049043432194,
  "chat-arena": 11.798522124194815,
  "text-to-game": 6.660964642466491,
  "threejs": 12.771726134976312,
  "dataviz": 14.977174385342423,
  "text-to-website": 1.5723663635644498
}