{
  "chat-arena": 14.732936247732969,
  "threejs": 20.524776257287993,
  "tonejs": 23.967840121362876,
  "dataviz": 26.58656438088118,
  "text-to-game": 14.821081450831166,
  "p5-animation": 22.328179399685098,
  "text-to-website": 6.927765416607105
}