{
  "dataviz": 26.451732051950717,
  "threejs": 21.479571719567534,
  "tonejs": 22.600020915541986,
  "text-to-game": 18.103054571777122,
  "p5-animation": 20.76946523981703,
  "text-to-website": 8.294328043778473,
  "chat-arena": 13.561713176173033
}