{
  "tonejs": 7.2973865380037335,
  "p5-animation": 14.997146979737394,
  "text-to-website": 1.5145207421549012,
  "chat-arena": 11.830082567973399,
  "threejs": 12.675890428974917,
  "text-to-game": 6.366084794343092,
  "dataviz": 14.977174385342423
}