{
  "dataviz": 11.341561864607193,
  "p5-animation": 12.042849916856191,
  "tonejs": 13.94417215421101,
  "chat-arena": 7.803752988335868,
  "threejs": 9.019012706385537,
  "text-to-game": 3.6496991690225893,
  "text-to-website": 1.9987195268772777
}