{
  "dataviz": 28.060848842993092,
  "text-to-game": 15.654451368824718,
  "tonejs": 23.767495262179477,
  "p5-animation": 21.95834172088466,
  "text-to-website": 6.699892648101111,
  "chat-arena": 15.21709735275294,
  "threejs": 20.490989971792033
}