{
  "dataviz": 12.315353114453735,
  "threejs": 19.766711500242806,
  "text-to-game": 14.306409447655817,
  "p5-animation": 11.993153036338242,
  "chat-arena": 10.779633997099925,
  "text-to-website": 9.628376778104371
}