{
  "text-to-game": 7.47500531974543,
  "chat-arena": 13.628217423392414,
  "tonejs": 6.406779751778213,
  "p5-animation": 10.422964313110132,
  "dataviz": 15.571414155895281,
  "threejs": 16.65153589172317,
  "text-to-website": 5.215175100980414
}