{
  "text-to-game": 6.942747157849836,
  "tonejs": 6.406779751778213,
  "p5-animation": 10.422964313110132,
  "dataviz": 17.84347796798194,
  "text-to-website": 4.238316903897842,
  "threejs": 16.417300994336124,
  "chat-arena": 13.430347418312707
}