{
  "p5-animation": 18.164280300398282,
  "tonejs": 11.335382352214243,
  "chat-arena": 12.741819766352185,
  "threejs": 19.11549843602679,
  "dataviz": 21.871053982949842,
  "text-to-game": 13.20494243505658,
  "text-to-website": 5.440010221802294
}