{
  "threejs": 21.90433294577574,
  "dataviz": 26.451732051950717,
  "tonejs": 22.600020915541986,
  "text-to-game": 17.17288610643673,
  "p5-animation": 20.76946523981703,
  "chat-arena": 13.012836169684693,
  "text-to-website": 9.249110306772689
}