{
  "p5-animation": 22.39975264501951,
  "text-to-game": 15.258712641332988,
  "dataviz": 28.376795223490472,
  "tonejs": 25.829122047726763,
  "text-to-website": 6.31396772964205,
  "chat-arena": 14.914903014921457,
  "threejs": 20.948757778126225
}