{
  "dataviz": 4.124375723786807,
  "p5-animation": 9.2275576890943,
  "tonejs": 7.858387722501778,
  "text-to-game": 2.2977450502425008,
  "threejs": 8.435916444790958,
  "chat-arena": 8.915128293939873,
  "text-to-website": 3.187286452125496
}