{
  "p5-animation": 18.336413086398288,
  "tonejs": 11.335382352214243,
  "dataviz": 21.871053982949842,
  "text-to-game": 13.605951831094693,
  "text-to-website": 5.999783005852201,
  "threejs": 19.26942623400119,
  "chat-arena": 12.668920933925625
}