{
  "chat-arena": 15.513418447198742,
  "threejs": 20.524776257287993,
  "tonejs": 23.967840121362876,
  "dataviz": 26.58656438088118,
  "text-to-game": 15.30353215764132,
  "p5-animation": 22.328179399685098,
  "text-to-website": 8.842655199568977
}