{
  "tonejs": 4.829750007737083,
  "p5-animation": 0.17762628738166697,
  "chat-arena": 10.883754683516035,
  "threejs": 11.117612228167896,
  "dataviz": 20.430777319675137,
  "text-to-website": 1.381514781191858,
  "text-to-game": 9.289832460138559
}