{
  "tonejs": 0.8656802909461199,
  "dataviz": 21.203910669288128,
  "p5-animation": 15.999299285694839,
  "text-to-game": 14.007976634299906,
  "text-to-website": 10.758106330546944,
  "chat-arena": 9.414621629899091,
  "threejs": 18.306016503249225
}