{
  "tonejs": 4.829750007737083,
  "text-to-website": 1.1165747800085244,
  "text-to-game": 7.812977803847679,
  "p5-animation": 0.5639041311448185,
  "chat-arena": 11.153057972243714,
  "threejs": 11.117612228167896,
  "dataviz": 20.430777319675137
}