{
  "tonejs": 6.406779751778213,
  "text-to-game": 7.411094929665531,
  "p5-animation": 10.422964313110132,
  "dataviz": 17.84347796798194,
  "text-to-website": 4.029516097987958,
  "threejs": 16.417300994336124,
  "chat-arena": 13.182066500187354
}