{
  "threejs": 21.81470251679547,
  "dataviz": 26.451732051950717,
  "text-to-game": 17.650381420691165,
  "tonejs": 22.600020915541986,
  "p5-animation": 20.228954472553248,
  "chat-arena": 12.605330231466002,
  "text-to-website": 9.844305177498843
}