{
  "tonejs": 11.335382352214243,
  "threejs": 18.46096193728624,
  "dataviz": 21.817124204080653,
  "p5-animation": 18.764813237360435,
  "text-to-website": 6.341303284755142,
  "text-to-game": 13.438688373600922,
  "chat-arena": 12.455239251537423
}