{
  "dataviz": 11.341561864607193,
  "text-to-website": 2.2019922102153,
  "text-to-game": 2.8619844788394007,
  "tonejs": 13.527651087840983,
  "chat-arena": 7.918357462922066,
  "threejs": 8.090487045897248,
  "p5-animation": 6.759328258115746
}