{
  "tonejs": 7.2973865380037335,
  "p5-animation": 13.554787653300275,
  "text-to-website": 2.0673824651339405,
  "chat-arena": 12.148648037234212,
  "threejs": 11.95194187638851,
  "text-to-game": 5.751071807161463,
  "dataviz": 14.977174385342423
}