{
  "tonejs": 0.8656802909461199,
  "p5-animation": 15.999299285694839,
  "text-to-website": 9.64847628370584,
  "threejs": 19.37566759464668,
  "dataviz": 22.896401734392853,
  "text-to-game": 14.675000972891247,
  "chat-arena": 9.414621629899091
}