{
  "chat-arena": 12.031021726857901,
  "threejs": 18.714256002239004,
  "dataviz": 12.315353114453735,
  "text-to-game": 13.966520116638286,
  "p5-animation": 15.413494126481812,
  "text-to-website": 11.281275031633713
}