{
  "threejs": 8.149583521776595,
  "text-to-game": 10.941886779900493,
  "chat-arena": 3.581430183104736,
  "p5-animation": 12.633612960498109,
  "tonejs": 12.75067870332865,
  "dataviz": 7.258396829675366,
  "text-to-website": 8.5025942289924
}