{
  "tonejs": 4.010176155636323,
  "dataviz": 21.203910669288128,
  "p5-animation": 15.999299285694839,
  "text-to-game": 12.859578248693719,
  "text-to-website": 9.918232817351129,
  "chat-arena": 9.55726598268478,
  "threejs": 18.306016503249225
}