{
  "tonejs": 5.773495604330549,
  "dataviz": 15.319873560315429,
  "text-to-game": -2.699386927569194,
  "p5-animation": 9.06142991389526,
  "text-to-website": -0.3361816734094929,
  "threejs": 7.361885505914235,
  "chat-arena": 11.636795221462235
}