{
  "dataviz": 11.341561864607193,
  "text-to-game": 6.186584250998298,
  "p5-animation": 12.042849916856191,
  "tonejs": 13.94417215421101,
  "chat-arena": 8.55964788100891,
  "text-to-website": 3.1800369964824196,
  "threejs": 9.070432883198883
}