{
  "tonejs": 5.773495604330549,
  "dataviz": 15.995002051716263,
  "text-to-game": 0.6045019049065492,
  "p5-animation": 9.06142991389526,
  "chat-arena": 11.760260896738595,
  "text-to-website": 1.8452083215544666,
  "threejs": 9.75007066045102
}