{
  "text-to-website": 2.452527136440023,
  "dataviz": 11.341561864607193,
  "text-to-game": 3.5128039783408416,
  "p5-animation": 12.042849916856191,
  "tonejs": 13.94417215421101,
  "chat-arena": 8.55367054268184,
  "threejs": 9.070432883198883
}