{
  "chat-arena": 11.667703871899205,
  "dataviz": 12.315353114453735,
  "threejs": 18.213932079846145,
  "text-to-website": 10.104289203776059,
  "text-to-game": 13.522452019942108,
  "p5-animation": 15.413494126481812
}