{
  "tonejs": 4.010176155636323,
  "dataviz": 21.203910669288128,
  "text-to-game": 12.74817605987738,
  "chat-arena": 9.55726598268478,
  "p5-animation": 16.61157705014092,
  "threejs": 17.976406695043725,
  "text-to-website": 10.663995207123651
}