{
  "chat-arena": 13.628633524633994,
  "text-to-game": 7.056490464231108,
  "tonejs": 6.406779751778213,
  "dataviz": 17.419273996738433,
  "p5-animation": 10.57352403033121,
  "threejs": 16.418591250812277,
  "text-to-website": 4.838200840834277
}