{
  "dataviz": 11.341561864607193,
  "text-to-website": 2.2019922102153,
  "tonejs": 13.527651087840983,
  "chat-arena": 7.918357462922066,
  "text-to-game": 2.3210561649460417,
  "threejs": 9.110120645610696,
  "p5-animation": 6.759328258115746
}