{
  "tonejs": 5.773495604330549,
  "dataviz": 15.995002051716263,
  "text-to-game": 1.0284456461264941,
  "p5-animation": 9.06142991389526,
  "chat-arena": 11.760260896738595,
  "text-to-website": 1.857901955588419,
  "threejs": 9.75007066045102
}