{
  "chat-arena": 3.581430183104736,
  "text-to-website": 10.978496392814304,
  "threejs": 19.310825286084548,
  "p5-animation": 24.279373214475953,
  "tonejs": 17.615540476625338,
  "dataviz": 21.959889302095277,
  "text-to-game": 9.556299514442703
}