{
  "chat-arena": 13.415024677751928,
  "p5-animation": 18.43619254655489,
  "text-to-website": 6.674955255699475,
  "dataviz": 22.591992650260778,
  "threejs": 19.75327378393571,
  "tonejs": 12.260848093783354,
  "text-to-game": 14.118899300331506
}