{
  "tonejs": 0.8656802909461199,
  "p5-animation": 15.999299285694839,
  "text-to-website": 9.818476414492125,
  "threejs": 19.37566759464668,
  "dataviz": 22.896401734392853,
  "text-to-game": 15.038480299599273,
  "chat-arena": 9.414621629899091
}