{
  "tonejs": 5.773495604330549,
  "dataviz": 15.995002051716263,
  "text-to-game": -1.843440220141872,
  "text-to-website": 1.7563275932568012,
  "p5-animation": 9.06142991389526,
  "threejs": 9.75007066045102,
  "chat-arena": 11.636795221462235
}