{
  "p5-animation": 18.43619254655489,
  "text-to-website": 6.088374211352022,
  "tonejs": 11.335382352214243,
  "dataviz": 22.591992650260778,
  "text-to-game": 13.85151776163788,
  "chat-arena": 13.451515084030014,
  "threejs": 19.75327378393571
}