{
  "text-to-game": 15.403924405322462,
  "dataviz": 27.854386167787503,
  "p5-animation": 21.933314177263377,
  "text-to-website": 6.378454383805882,
  "threejs": 20.433282443704357,
  "tonejs": 26.589755900673694,
  "chat-arena": 14.914903014921457
}