{
  "tonejs": 7.2973865380037335,
  "p5-animation": 13.554787653300275,
  "text-to-website": 1.757477325663852,
  "text-to-game": 6.4531970669290715,
  "chat-arena": 12.148648037234212,
  "threejs": 11.95194187638851,
  "dataviz": 14.977174385342423
}