{
  "p5-animation": 11.516126436072764,
  "dataviz": 5.923061611129116,
  "threejs": 4.543824929080983,
  "tonejs": 1.6916204047144756,
  "text-to-website": -2.7590095639057095,
  "text-to-game": -2.1973475049569346,
  "chat-arena": 10.507769854092114
}