{
  "threejs": 3.4353104622325796,
  "tonejs": 1.6916204047144756,
  "text-to-game": -3.1449102202018904,
  "p5-animation": 10.85338968719266,
  "text-to-website": -3.847167185583727,
  "chat-arena": 10.91903876996547,
  "dataviz": 6.543764164377888
}