{
  "chat-arena": 12.99627738254195,
  "dataviz": 15.452568262207315,
  "tonejs": 20.203326898037123,
  "p5-animation": -0.9311973749111928,
  "text-to-website": 3.072342125676965,
  "text-to-game": 0.9155424834681671,
  "threejs": 8.513985467271832
}