{
  "threejs": 9.087328313630998,
  "dataviz": 16.255625457529064,
  "chat-arena": 9.299810446278713,
  "p5-animation": 3.0875293599297127,
  "tonejs": 8.969965421068164,
  "text-to-game": 3.7635270297292927,
  "text-to-website": 1.3924184216618603
}