{
  "text-to-website": 1.1080494467027342,
  "tonejs": 12.39824137287626,
  "p5-animation": 5.339806170731709,
  "text-to-game": 3.1048401892954374,
  "threejs": 10.975113646925466,
  "dataviz": 8.721687749190462,
  "chat-arena": 10.856614402489493
}