{
  "text-to-website": 1.1080494467027342,
  "tonejs": 12.39824137287626,
  "text-to-game": 2.9902615830652826,
  "p5-animation": 5.339806170731709,
  "threejs": 10.728344915705238,
  "dataviz": 8.721687749190462,
  "chat-arena": 10.856614402489493
}