{
  "tonejs": 12.39824137287626,
  "text-to-game": 2.9902615830652826,
  "p5-animation": 5.339806170731709,
  "dataviz": 8.721687749190462,
  "text-to-website": 1.0232178143577997,
  "chat-arena": 11.049010174251464,
  "threejs": 9.974205693744489
}