{
  "threejs": 1.0642361843815529,
  "text-to-website": -2.3083860031468717,
  "text-to-game": -3.209199786174053,
  "p5-animation": 7.824216975732195,
  "chat-arena": 9.222403077365538
}