{
  "dataviz": 5.923061611129116,
  "tonejs": 1.6916204047144756,
  "threejs": 3.336141520596133,
  "text-to-website": -2.7824632254738413,
  "text-to-game": -2.013267115254125,
  "p5-animation": 10.999365086263957,
  "chat-arena": 10.37901474241044
}