{
  "dataviz": 16.255625457529064,
  "text-to-website": 2.8596223406413013,
  "threejs": 9.125300539273919,
  "chat-arena": 9.001620351429175,
  "p5-animation": -2.6899017279327353,
  "tonejs": 9.424186206272706,
  "text-to-game": 2.9446062201032186
}