{
  "dataviz": 16.255625457529064,
  "text-to-website": 2.588784698923919,
  "threejs": 9.125300539273919,
  "chat-arena": 9.166061469602777,
  "p5-animation": -2.6899017279327353,
  "tonejs": 9.424186206272706,
  "text-to-game": 2.391425723860463
}