{
  "p5-animation": 2.992172166221181,
  "chat-arena": 10.035809772582546,
  "tonejs": -4.970114075412049,
  "threejs": 10.484015756362734,
  "text-to-game": 6.0227721187059275,
  "dataviz": 11.55791227224979,
  "text-to-website": 1.6302402988643125
}