{
  "tonejs": 13.8306155716406,
  "p5-animation": 5.188197895847443,
  "threejs": 10.975113646925466,
  "dataviz": 9.367390521634196,
  "chat-arena": 10.748306670645702,
  "text-to-game": 4.463409215335183,
  "text-to-website": 0.26756681711020525
}