{
  "p5-animation": 2.992172166221181,
  "tonejs": -4.970114075412049,
  "dataviz": 10.706132713506817,
  "text-to-game": 6.195717912132817,
  "threejs": 9.761280497981183,
  "chat-arena": 10.569695761118023,
  "text-to-website": 2.611041973989532
}