{
  "p5-animation": 2.992172166221181,
  "chat-arena": 10.035809772582546,
  "tonejs": -4.970114075412049,
  "text-to-game": 5.874957719245386,
  "dataviz": 11.55791227224979,
  "text-to-website": 1.0001656529753102,
  "threejs": 10.333351978609109
}