{
  "text-to-website": -3.563893280010972,
  "threejs": 3.4353104622325796,
  "tonejs": 1.6916204047144756,
  "p5-animation": 11.22605551200775,
  "dataviz": 6.543764164377888,
  "text-to-game": -2.3802309677696343,
  "chat-arena": 11.105989804862286
}