{
  "text-to-website": 1.2085897681312079,
  "dataviz": 15.452568262207315,
  "tonejs": 6.01114221475261,
  "chat-arena": 11.75292244784798,
  "p5-animation": -0.9311973749111928,
  "text-to-game": 0.6400202817286118,
  "threejs": 8.513985467271832
}