{
  "text-to-website": 2.3507544974385763,
  "dataviz": 15.452568262207315,
  "tonejs": 20.203326898037123,
  "chat-arena": 12.106137102541506,
  "p5-animation": -0.9311973749111928,
  "text-to-game": 0.6611285888466072,
  "threejs": 8.513985467271832
}