{
  "dataviz": 16.255625457529064,
  "p5-animation": 3.0875293599297127,
  "tonejs": 8.969965421068164,
  "text-to-game": 3.3990830685573137,
  "threejs": 9.344032954332542,
  "text-to-website": 1.192247658754121,
  "chat-arena": 9.557280735249975
}