{
  "chat-arena": 13.79828207752034,
  "p5-animation": 9.7533341957107,
  "text-to-website": -7.064431218235991,
  "threejs": 2.7750368086464654
}