{
  "p5-animation": 11.516126436072764,
  "dataviz": 5.923061611129116,
  "tonejs": 1.6916204047144756,
  "threejs": 4.637951504854765,
  "text-to-game": -2.1973475049569346,
  "text-to-website": -3.021436539276451,
  "chat-arena": 10.507769854092114
}