{
  "chat-arena": 2.142675923075636,
  "text-to-game": 6.28563663490387,
  "text-to-website": 0.9964322692883574,
  "threejs": -0.17467207108862226
}