{
  "chat-arena": 9.222403077365538,
  "p5-animation": 12.208188117472949,
  "text-to-game": -3.209199786174053,
  "text-to-website": -0.21754226199815818,
  "threejs": 6.953113623710511
}