{
  "tonejs": 13.8306155716406,
  "p5-animation": 5.188197895847443,
  "text-to-website": 0.4755305040157536,
  "threejs": 10.975113646925466,
  "dataviz": 9.367390521634196,
  "chat-arena": 10.75807832945749,
  "text-to-game": 4.164235615844162
}