{
  "tonejs": -3.6248693338771982,
  "dataviz": 0.7217640586528109,
  "chat-arena": 11.002916101546361,
  "p5-animation": 5.9672167041122695,
  "threejs": 1.9276463805592483,
  "text-to-website": -1.0043370179211495,
  "text-to-game": -5.216931458800856
}