{
  "tonejs": -3.6248693338771982,
  "dataviz": 0.7217640586528109,
  "chat-arena": 11.002916101546361,
  "p5-animation": 5.9672167041122695,
  "threejs": 2.344348645903427,
  "text-to-game": -6.2158966650383665,
  "text-to-website": -0.9627201455767678
}