{
  "tonejs": -3.6248693338771982,
  "dataviz": 0.7217640586528109,
  "chat-arena": 11.002916101546361,
  "p5-animation": 5.9672167041122695,
  "threejs": 2.344348645903427,
  "text-to-game": -5.646419658490591,
  "text-to-website": -0.8568009234057361
}