{
  "tonejs": -3.6248693338771982,
  "dataviz": 0.7217640586528109,
  "chat-arena": 10.919839895564841,
  "p5-animation": 5.9672167041122695,
  "threejs": 1.9276463805592483,
  "text-to-website": -1.3117804228076213,
  "text-to-game": -4.5379085982791825
}