{
  "text-to-website": -1.4828066003947014,
  "tonejs": -3.6248693338771982,
  "dataviz": 0.7217640586528109,
  "chat-arena": 10.97177525894819,
  "p5-animation": 5.9672167041122695,
  "threejs": 2.6937047485803287,
  "text-to-game": -4.5379085982791825
}