{
  "tonejs": -3.6248693338771982,
  "chat-arena": 10.784525351519171,
  "p5-animation": 5.423764577222633,
  "text-to-website": -1.6550972336048309,
  "threejs": 3.198064364342935,
  "text-to-game": -5.728916243470674
}