{
  "dataviz": -0.24403955147552558,
  "tonejs": -3.6248693338771982,
  "chat-arena": 10.941765417546469,
  "p5-animation": 5.9672167041122695,
  "threejs": 2.344348645903427,
  "text-to-game": -6.246339224290422,
  "text-to-website": -1.141004146823526
}