{
  "text-to-game": 11.873723892006007,
  "text-to-website": 6.5973438830106765,
  "chat-arena": 12.21627810042001,
  "threejs": 21.549270391036117,
  "tonejs": 29.344116856071853,
  "dataviz": 28.74506129921321,
  "p5-animation": 22.109840215966933
}