{
  "tonejs": 4.936698298642927,
  "dataviz": 9.935828554434531,
  "text-to-game": 4.698707793428454,
  "chat-arena": 11.723161226640817,
  "threejs": 9.728167069595928,
  "text-to-website": 1.91435529913351,
  "p5-animation": 9.683847896836479
}