{
  "dataviz": 21.486723458637435,
  "chat-arena": 10.447742889160224,
  "p5-animation": 18.93984413649745,
  "tonejs": 10.774354584481804,
  "text-to-game": 10.92948161931876,
  "threejs": 20.752506988371476,
  "text-to-website": 4.3420363288266834
}