{
  "p5-animation": 13.87377730125309,
  "dataviz": 11.74563970528429,
  "text-to-website": 4.542865130990696,
  "chat-arena": 10.750985296534584,
  "text-to-game": 13.233064318870529,
  "threejs": 11.820221022874073
}