{
  "threejs": 12.861775325485185,
  "tonejs": 13.031814699118009,
  "dataviz": 10.068605183869295,
  "p5-animation": 9.585122855520945,
  "chat-arena": 12.49734881105248,
  "text-to-website": 1.8967496566268922,
  "text-to-game": 6.137004200471428
}