{
  "text-to-website": 2.085076229300692,
  "tonejs": 4.936698298642927,
  "dataviz": 9.935828554434531,
  "threejs": 9.611001612959729,
  "text-to-game": 5.339545922417256,
  "p5-animation": 9.039572310667733,
  "chat-arena": 12.501932902354865
}