{
  "threejs": 14.572993695801149,
  "text-to-game": 6.049929843557313,
  "text-to-website": 1.7694090096936552,
  "dataviz": 10.068605183869295,
  "p5-animation": 10.35066262928505,
  "chat-arena": 12.781026358669997
}