{
  "p5-animation": 21.361422763310273,
  "tonejs": 20.463886319845912,
  "text-to-game": 12.43792582032535,
  "dataviz": 22.288935057753143,
  "text-to-website": 5.804631524612528,
  "threejs": 18.031310574812206,
  "chat-arena": 12.969925701804959
}