{
  "dataviz": 21.486723458637435,
  "p5-animation": 18.912901184574444,
  "tonejs": 10.774354584481804,
  "text-to-game": 10.5861854024188,
  "chat-arena": 12.674567059475331,
  "threejs": 20.44655895573996,
  "text-to-website": 4.642184974370172
}