{
  "text-to-game": 5.329617656132376,
  "dataviz": 9.935828554434531,
  "tonejs": 4.6024672904363815,
  "threejs": 9.728167069595928,
  "text-to-website": 2.2798454931934438,
  "p5-animation": 8.517435009689923,
  "chat-arena": 11.977830780192505
}