{
  "text-to-website": -2.014693734216646,
  "chat-arena": 3.276872921097116,
  "threejs": 2.2890474691097467,
  "p5-animation": 14.474601376872155,
  "text-to-game": 7.040077228861099
}