{
  "text-to-website": -1.0054614451149462,
  "tonejs": 18.902675136502996,
  "text-to-game": 9.0704499986038,
  "chat-arena": 7.380262212085251,
  "p5-animation": 21.732597727481437,
  "threejs": 9.752128226037373
}