{
  "threejs": 12.861775325485185,
  "text-to-website": 1.7780919457913824,
  "dataviz": 10.068605183869295,
  "p5-animation": 10.35066262928505,
  "chat-arena": 12.29906593928833,
  "text-to-game": 6.0819151134914895
}