{
  "chat-arena": 3.276872921097116,
  "threejs": 7.0420265675807645,
  "p5-animation": 14.474601376872155,
  "text-to-website": -0.9804493905648615,
  "text-to-game": 11.175889056339763
}