{
  "dataviz": 11.74563970528429,
  "tonejs": 14.575964730861315,
  "p5-animation": 20.018809505759865,
  "text-to-website": 6.41595045806191,
  "text-to-game": 12.339289416430914,
  "threejs": 16.218477621541428,
  "chat-arena": 14.19477163373406
}