{
  "threejs": 14.572993695801149,
  "text-to-website": 1.7694090096936552,
  "dataviz": 10.068605183869295,
  "p5-animation": 10.35066262928505,
  "text-to-game": 7.1648758175956715,
  "chat-arena": 12.583480845427017
}