{
  "text-to-website": 8.384448631755577,
  "dataviz": 13.514184542640386,
  "tonejs": 22.429098903192354,
  "p5-animation": 19.009940443953486,
  "chat-arena": 11.715659574394216,
  "threejs": 17.54733746001541,
  "text-to-game": 9.854924064883763
}