{
  "text-to-game": 6.898132012448685,
  "p5-animation": 19.435109175595446,
  "text-to-website": 5.946103121996193,
  "threejs": 17.434658332356683,
  "chat-arena": 10.301185464882273,
  "dataviz": 12.701390590897276,
  "tonejs": 22.429098903192354
}