{
  "text-to-game": 6.464698205499582,
  "dataviz": 9.935828554434531,
  "tonejs": 4.6024672904363815,
  "threejs": 9.589707559152242,
  "text-to-website": 2.213889822897518,
  "p5-animation": 8.517435009689923,
  "chat-arena": 11.523834712410444
}