{
  "text-to-game": 7.151967589837422,
  "chat-arena": 3.276872921097116,
  "threejs": 2.2890474691097467,
  "text-to-website": -2.489771269756262
}