{
  "threejs": 13.41813006741691,
  "text-to-website": 1.8936341981073515,
  "dataviz": 10.068605183869295,
  "chat-arena": 12.516567908449213,
  "p5-animation": 10.35066262928505,
  "text-to-game": 7.70763050149235
}