{
  "dataviz": 21.486723458637435,
  "chat-arena": 12.867900903637302,
  "p5-animation": 18.93984413649745,
  "text-to-game": 10.33352385437023,
  "tonejs": 10.774354584481804,
  "threejs": 20.44655895573996,
  "text-to-website": 4.571781423292247
}