{
  "tonejs": 18.902675136502996,
  "text-to-website": -1.1743582225705724,
  "text-to-game": 9.261427523966855,
  "chat-arena": 3.276872921097116,
  "threejs": 7.0420265675807645,
  "p5-animation": 14.474601376872155
}