{
  "text-to-website": 7.460632706006512,
  "text-to-game": 8.622900414531811,
  "dataviz": 13.514184542640386,
  "tonejs": 22.429098903192354,
  "p5-animation": 19.009940443953486,
  "threejs": 17.54733746001541,
  "chat-arena": 11.59590055939697
}