{
  "dataviz": 9.935828554434531,
  "text-to-game": 4.698707793428454,
  "tonejs": 4.6024672904363815,
  "threejs": 9.728167069595928,
  "text-to-website": 1.916539281880862,
  "p5-animation": 8.517435009689923,
  "chat-arena": 11.397158590904583
}