{
  "text-to-game": 6.7424192667222185,
  "tonejs": 4.6024672904363815,
  "dataviz": 13.6259476412507,
  "p5-animation": 8.517435009689923,
  "threejs": 9.598643502398563,
  "chat-arena": 11.32429778615549,
  "text-to-website": 2.2651881116002013
}