{
  "threejs": 19.200628582587424,
  "p5-animation": 21.73985456205424,
  "text-to-game": 12.69798726754057,
  "text-to-website": 7.397488765433786,
  "tonejs": 20.463886319845912,
  "dataviz": 23.06119868371014,
  "chat-arena": 12.21627810042001
}