{
  "dataviz": 13.514184542640386,
  "tonejs": 22.429098903192354,
  "p5-animation": 19.009940443953486,
  "chat-arena": 11.427995803390624,
  "threejs": 17.54733746001541,
  "text-to-website": 8.56176335037433,
  "text-to-game": 9.784106140992447
}