{
  "text-to-game": 10.688086412799123,
  "dataviz": 21.175893593756026,
  "threejs": 20.235006771961643,
  "p5-animation": 18.912901184574444,
  "tonejs": 10.774354584481804,
  "chat-arena": 11.524143075818753,
  "text-to-website": 5.028484264784693
}