{
  "dataviz": 21.486723458637435,
  "p5-animation": 18.912901184574444,
  "text-to-website": 4.374858726323755,
  "tonejs": 10.774354584481804,
  "chat-arena": 12.513491674403227,
  "text-to-game": 10.498086500863419,
  "threejs": 21.599882928633715
}