{
  "text-to-website": -0.9473206095238149,
  "tonejs": 18.902675136502996,
  "text-to-game": 9.039076406871217,
  "chat-arena": 7.380262212085251,
  "p5-animation": 21.732597727481437,
  "threejs": 8.115257125750293
}