{
  "p5-animation": 19.287136276032463,
  "threejs": 17.30914513224495,
  "text-to-game": 8.116590170400878,
  "dataviz": 13.514184542640386,
  "text-to-website": 7.518477176657507,
  "tonejs": 22.429098903192354,
  "chat-arena": 10.096615843892991
}