{
  "threejs": 19.200628582587424,
  "p5-animation": 21.73985456205424,
  "text-to-game": 12.34713947784298,
  "tonejs": 20.463886319845912,
  "text-to-website": 6.660303709049115,
  "dataviz": 24.10982599711638,
  "chat-arena": 12.21627810042001
}