{
  "dataviz": 11.74563970528429,
  "chat-arena": 2.149023246306175,
  "text-to-website": 3.013548219893517
}