{
  "p5-animation": 19.728652870803735,
  "threejs": 17.30914513224495,
  "text-to-website": 7.17007829771433,
  "text-to-game": 7.945148462413413,
  "dataviz": 13.514184542640386,
  "tonejs": 22.429098903192354,
  "chat-arena": 9.928517377982274
}