{
  "threejs": 17.30914513224495,
  "text-to-game": 8.116590170400878,
  "dataviz": 13.514184542640386,
  "tonejs": 22.429098903192354,
  "p5-animation": 19.009940443953486,
  "text-to-website": 7.9343794829896375,
  "chat-arena": 10.937246815003174
}