{
  "threejs": 19.93793563245148,
  "text-to-website": 6.634641759830872,
  "text-to-game": 12.81908261038576,
  "p5-animation": 22.071242625541974,
  "chat-arena": 12.21627810042001,
  "dataviz": 26.042681069728143,
  "tonejs": 20.63752807851914
}