{
  "text-to-game": 9.89173197795112,
  "dataviz": 13.514184542640386,
  "p5-animation": 18.8522308774606,
  "chat-arena": 11.427995803390624,
  "threejs": 17.54733746001541,
  "text-to-website": 7.239784322800684,
  "tonejs": 31.851864007943412
}