{
  "p5-animation": 19.435109175595446,
  "text-to-game": 7.071905899593107,
  "text-to-website": 6.595298336580797,
  "threejs": 17.30914513224495,
  "chat-arena": 9.76516779876075,
  "dataviz": 12.701390590897276,
  "tonejs": 22.429098903192354
}