{
  "p5-animation": 13.87377730125309,
  "text-to-game": 12.719526164132802,
  "dataviz": 11.74563970528429,
  "chat-arena": 10.399132307487333,
  "text-to-website": 5.601306177092205,
  "threejs": 15.879873278972596
}