{
  "text-to-game": 12.3120687376211,
  "threejs": 21.534849990496955,
  "text-to-website": 7.109506951560049,
  "p5-animation": 22.102715751634705,
  "chat-arena": 12.21627810042001,
  "tonejs": 20.63752807851914,
  "dataviz": 25.880244135228146
}