{
  "tonejs": 5.668051398712027,
  "text-to-website": 0.7800109215078743,
  "dataviz": 9.935828554434531,
  "text-to-game": 5.888564604727854,
  "threejs": 9.666744864136056,
  "p5-animation": 7.975545569430535,
  "chat-arena": 12.565712844036447
}