{
  "chat-arena": 6.735476466189283,
  "text-to-game": 3.4195547600303238,
  "p5-animation": 5.4190270163696646,
  "threejs": 4.269298841127714,
  "dataviz": 22.512077376205742,
  "tonejs": 20.84907230512934,
  "text-to-website": 6.7582562489400315
}