{
  "text-to-game": 4.489096849062496,
  "p5-animation": 5.4190270163696646,
  "chat-arena": 4.795209286903301,
  "threejs": 6.608632417511393,
  "dataviz": 19.364476634193522,
  "tonejs": 19.292499537212294,
  "text-to-website": 5.5776195062168865
}