{
  "chat-arena": 5.732724857608975,
  "text-to-website": 2.170827073290633
}