{
  "threejs": 6.609010553767783,
  "text-to-game": -3.04684981866008,
  "p5-animation": 5.4190270163696646,
  "dataviz": 22.512077376205742,
  "tonejs": 21.914710481377476,
  "text-to-website": 18.728328818096827
}