{
  "tonejs": 20.34821742360149,
  "text-to-game": -0.6491825280225951,
  "threejs": 10.505180022670608,
  "dataviz": 0.8544335692271723,
  "p5-animation": -1.5506618878695413,
  "text-to-website": 3.6275994143727663,
  "chat-arena": 3.668519901318442
}