{
  "tonejs": 20.34821742360149,
  "text-to-game": 3.537779470769957,
  "threejs": 10.505180022670608,
  "text-to-website": 3.101529830944834,
  "dataviz": 0.8544335692271723,
  "p5-animation": -1.5506618878695413,
  "chat-arena": 3.668519901318442
}