{
  "dataviz": 17.492139881116696,
  "text-to-game": 11.68918661270148,
  "chat-arena": 10.549644862752956,
  "text-to-website": 3.311576046085436,
  "tonejs": 19.923982861368668,
  "p5-animation": 19.056362840413527,
  "threejs": 15.935097768369054
}