{
  "threejs": 5.849966956138116,
  "chat-arena": 13.419651481205307,
  "dataviz": 3.8359972723865194,
  "p5-animation": 13.094780615991612,
  "tonejs": 6.292116808045083,
  "text-to-game": 5.989110952181975,
  "text-to-website": 1.944522566831707
}