{
  "threejs": 5.849966956138116,
  "chat-arena": 13.419651481205307,
  "text-to-website": 1.720432639093278,
  "dataviz": 3.8359972723865194,
  "text-to-game": 4.961127575518922,
  "p5-animation": 13.885566857850886,
  "tonejs": 6.292116808045083
}