{
  "dataviz": 4.986559816667256,
  "tonejs": 13.732472079623218,
  "chat-arena": 8.88210969843795,
  "text-to-game": 4.060446831861283,
  "p5-animation": 8.325937610114636,
  "threejs": 11.132527044863648,
  "text-to-website": -1.2917721029780898
}