{
  "chat-arena": -1.7912830911309374,
  "text-to-website": 6.13889251764933,
  "text-to-game": 2.76889826500161,
  "p5-animation": 22.222162906135782
}