{
  "tonejs": 3.5747150791648625,
  "text-to-website": 1.3482949467908512,
  "threejs": 15.717329687143021,
  "dataviz": 13.169246187929271,
  "chat-arena": 10.172422975054555,
  "p5-animation": 14.110456479604116,
  "text-to-game": 6.027155960884959
}