{
  "text-to-website": 5.801887953143031,
  "dataviz": 18.673281655778077,
  "tonejs": 19.923982861368668,
  "p5-animation": 18.596787215509863,
  "text-to-game": 12.635839176146218,
  "chat-arena": 11.788158468567861,
  "threejs": 16.857815258994528
}