{
  "text-to-website": 1.5955106016004996,
  "text-to-game": 6.714779107757771,
  "dataviz": 3.8359972723865194,
  "chat-arena": 12.359609689494643,
  "p5-animation": 13.157883708091365,
  "threejs": 6.568029604520448,
  "tonejs": 2.599077894653533
}