{
  "p5-animation": 10.418552159807117,
  "text-to-game": 9.296572866257067,
  "dataviz": 14.663024472315753,
  "chat-arena": 10.77841908232913,
  "threejs": 10.156929770148274,
  "text-to-website": 2.820454797312583
}