{
  "p5-animation": 11.07933287535924,
  "threejs": 10.186842013575218,
  "dataviz": 14.663024472315753,
  "text-to-website": 1.8413251489532225,
  "tonejs": 18.523018841034034,
  "chat-arena": 10.787901810657619,
  "text-to-game": 8.006824356682657
}