{
  "p5-animation": 11.07933287535924,
  "text-to-website": 1.9372236344178497,
  "threejs": 10.369603762824973,
  "dataviz": 14.663024472315753,
  "tonejs": 18.523018841034034,
  "chat-arena": 10.787901810657619,
  "text-to-game": 8.535545167452838
}