{
  "dataviz": 0.5907085403642931,
  "tonejs": -5.6827669924226,
  "text-to-game": -5.245135675516273,
  "chat-arena": 10.264170474049383,
  "p5-animation": -0.1387317258325549,
  "threejs": 2.386929958787642,
  "text-to-website": -4.979092400376559
}