{
  "p5-animation": 22.257241582121882,
  "chat-arena": -1.7912830911309374,
  "text-to-game": 13.837092956878923,
  "dataviz": 10.717154634452061,
  "text-to-website": 6.9915368492682965,
  "threejs": 16.605963888497442,
  "tonejs": 12.07484186041682
}