{
  "p5-animation": 8.736998365546498,
  "dataviz": 7.315014419842258,
  "tonejs": 17.021997118849885,
  "text-to-website": -0.560479534957705,
  "text-to-game": 3.9584481977778676,
  "chat-arena": 8.436493722953562,
  "threejs": 9.983811354092332
}