{
  "p5-animation": 10.418552159807117,
  "dataviz": 14.663024472315753,
  "text-to-game": 8.971584119769465,
  "chat-arena": 10.77841908232913,
  "threejs": 10.156929770148274,
  "text-to-website": 3.0736942638551215
}