{
  "p5-animation": 8.736998365546498,
  "dataviz": 7.315014419842258,
  "tonejs": 17.021997118849885,
  "text-to-website": -0.6483345451714511,
  "text-to-game": 4.490692781653017,
  "chat-arena": 8.436493722953562,
  "threejs": 9.475622774720943
}