{
  "p5-animation": 8.736998365546498,
  "dataviz": 7.315014419842258,
  "tonejs": 13.732472079623218,
  "chat-arena": 8.436493722953562,
  "text-to-game": 5.347860674179852,
  "threejs": 9.983811354092332,
  "text-to-website": -0.6792459479197586
}