{
  "chat-arena": -1.7912830911309374,
  "text-to-game": 4.298100237582782,
  "tonejs": 9.441630057514566,
  "text-to-website": 5.309787364385619,
  "p5-animation": 21.40964739139271,
  "threejs": 7.109716397401165
}