{
  "tonejs": 3.5747150791648625,
  "text-to-website": 1.2341614030532906,
  "dataviz": 13.957893308067227,
  "text-to-game": 6.346193419585459,
  "threejs": 15.27149704524605,
  "chat-arena": 10.540180776666414,
  "p5-animation": 14.110456479604116
}