{
  "p5-animation": 11.07933287535924,
  "threejs": 10.369603762824973,
  "dataviz": 14.663024472315753,
  "text-to-website": 1.9005162990542717,
  "tonejs": 18.523018841034034,
  "chat-arena": 10.787901810657619,
  "text-to-game": 8.057922859577538
}