{
  "threejs": 5.849966956138116,
  "chat-arena": 13.419651481205307,
  "text-to-game": 5.484532868973334,
  "dataviz": 3.8359972723865194,
  "p5-animation": 13.094780615991612,
  "tonejs": 6.292116808045083,
  "text-to-website": 1.997458280597563
}