{
  "threejs": 15.949471778809624,
  "text-to-game": 12.020247104967616,
  "dataviz": 17.492139881116696,
  "text-to-website": 2.870692046976001,
  "chat-arena": 10.549644862752956,
  "tonejs": 19.923982861368668,
  "p5-animation": 19.056362840413527
}