{
  "threejs": 15.733904317611012,
  "tonejs": 3.5747150791648625,
  "text-to-website": 1.481309209405263,
  "dataviz": 13.169246187929271,
  "chat-arena": 10.172422975054555,
  "p5-animation": 14.110456479604116,
  "text-to-game": 6.643754732667177
}