{
  "dataviz": 0.5907085403642931,
  "text-to-game": -5.909723302045251,
  "tonejs": -5.6827669924226,
  "chat-arena": 10.256304209212383,
  "p5-animation": -0.1387317258325549,
  "threejs": 0.4478161918546286,
  "text-to-website": -4.691537835904979
}