{
  "dataviz": 18.673281655778077,
  "text-to-website": 4.8903076186040435,
  "tonejs": 19.923982861368668,
  "p5-animation": 18.009347772685196,
  "text-to-game": 12.635839176146218,
  "threejs": 16.857815258994528,
  "chat-arena": 11.578464889938438
}