{
  "dataviz": 0.5907085403642931,
  "tonejs": -5.6827669924226,
  "text-to-game": -3.518035265404876,
  "text-to-website": -4.639663431379612,
  "chat-arena": 10.264170474049383,
  "p5-animation": -0.1387317258325549,
  "threejs": 2.7289640086716878
}