{
  "text-to-game": 12.230693346291146,
  "dataviz": 17.492139881116696,
  "text-to-website": 3.935125806002098,
  "chat-arena": 10.442922943863273,
  "tonejs": 19.923982861368668,
  "threejs": 16.153955359624927,
  "p5-animation": 18.841734263313988
}