{
  "text-to-website": 5.1227320508554035,
  "dataviz": 15.053838908226766,
  "chat-arena": 10.635763582416079,
  "text-to-game": 12.42717853501731,
  "tonejs": 19.923982861368668,
  "p5-animation": 18.972828343488793,
  "threejs": 16.482355059533848
}