{
  "dataviz": 18.673281655778077,
  "text-to-website": 5.440791900553027,
  "tonejs": 19.923982861368668,
  "p5-animation": 18.009347772685196,
  "text-to-game": 12.635839176146218,
  "chat-arena": 11.788158468567861,
  "threejs": 16.857815258994528
}