{
  "threejs": 10.790068815189677,
  "dataviz": 4.986559816667256,
  "tonejs": 13.732472079623218,
  "chat-arena": 8.823280588965918,
  "text-to-website": -1.563569594496144,
  "text-to-game": 2.8385354061385657,
  "p5-animation": 9.244112429447535
}