{
  "dataviz": 18.673281655778077,
  "text-to-website": 5.385188265988615,
  "text-to-game": 12.587018772023315,
  "tonejs": 19.923982861368668,
  "p5-animation": 18.596787215509863,
  "chat-arena": 11.788158468567861,
  "threejs": 16.859961182964405
}