{
  "text-to-game": 12.602661041712754,
  "dataviz": 18.673281655778077,
  "text-to-website": 4.997039091213248,
  "tonejs": 19.923982861368668,
  "p5-animation": 18.596787215509863,
  "chat-arena": 11.788158468567861,
  "threejs": 16.859961182964405
}