{
  "dataviz": 7.315014419842258,
  "tonejs": 13.732472079623218,
  "p5-animation": 8.325937610114636,
  "chat-arena": 8.436493722953562,
  "text-to-game": 5.227519777378645,
  "threejs": 9.816307320782283,
  "text-to-website": -0.6792459479197586
}