{
  "text-to-website": 2.070416549147612,
  "dataviz": 3.8359972723865194,
  "text-to-game": 6.226323274734379,
  "chat-arena": 13.387114193022015,
  "p5-animation": 13.885566857850886,
  "tonejs": 6.292116808045083,
  "threejs": 6.223561293726271
}