{
  "tonejs": 3.5747150791648625,
  "text-to-website": 1.556164158436844,
  "dataviz": 13.957893308067227,
  "text-to-game": 6.374423794083352,
  "threejs": 15.523667501790692,
  "chat-arena": 10.562969566811303,
  "p5-animation": 14.102764532193575
}