{
  "p5-animation": 11.07933287535924,
  "text-to-game": 8.911771157370268,
  "dataviz": 14.663024472315753,
  "text-to-website": 2.423856311921392,
  "chat-arena": 10.830943835438333,
  "threejs": 10.947391615422601
}