{
  "p5-animation": 8.736998365546498,
  "dataviz": 7.315014419842258,
  "tonejs": 13.732472079623218,
  "text-to-website": -1.0056190641459988,
  "text-to-game": 3.828944623019061,
  "chat-arena": 8.436493722953562,
  "threejs": 9.983811354092332
}