{
  "text-to-game": 8.065836676077462,
  "p5-animation": 10.418552159807117,
  "dataviz": 14.663024472315753,
  "chat-arena": 10.849667788066553,
  "threejs": 10.156929770148274,
  "text-to-website": 3.0736942638551215
}