{
  "p5-animation": 5.639038477130312,
  "tonejs": 9.974591818634082,
  "dataviz": 6.176793648271818,
  "threejs": 8.765269987515222,
  "text-to-game": 2.122895694563259,
  "text-to-website": -1.2854333916858602,
  "chat-arena": 5.909342074860615
}