{
  "threejs": 1.4422881918919854,
  "p5-animation": 3.6602976744281435,
  "dataviz": 3.3668351505765486,
  "tonejs": -0.601307113652437,
  "chat-arena": 7.814817782336175,
  "text-to-game": -5.425740907557075,
  "text-to-website": -4.027307238085173
}