{
  "text-to-website": -1.8449209526599215,
  "dataviz": 13.500575482430392,
  "tonejs": 1.5294665278574389,
  "text-to-game": -0.17722102158160835,
  "threejs": -0.2607890029072397,
  "chat-arena": 10.04161620118258,
  "p5-animation": -0.48182327450257834
}