{
  "tonejs": 11.389524865246383,
  "dataviz": 16.010914049382418,
  "p5-animation": 19.549346512031672,
  "text-to-game": 15.34101041962761,
  "threejs": 18.516171022453694,
  "chat-arena": 10.550891582347873,
  "text-to-website": 6.070864092631782
}