{
  "p5-animation": 13.232052977694352,
  "text-to-website": 3.1320086480105402,
  "tonejs": -10.202250005368745,
  "dataviz": 11.008898892803956,
  "threejs": 11.431762066826442,
  "chat-arena": 7.961326097176353,
  "text-to-game": 7.894596365028264
}