{
  "threejs": 18.51037721644863,
  "tonejs": 11.389524865246383,
  "dataviz": 16.010914049382418,
  "p5-animation": 20.561214129126142,
  "chat-arena": 11.925809222828706,
  "text-to-game": 14.364113561562696,
  "text-to-website": 5.64815320371539
}