{
  "text-to-website": 4.235874697912685,
  "tonejs": 4.813137859065243,
  "threejs": 16.763736012562664,
  "dataviz": 16.288335419494516,
  "text-to-game": 4.0390825730161675,
  "chat-arena": 10.491285142656213,
  "p5-animation": 13.784322090042743
}