{
  "text-to-game": 7.233112685882269,
  "tonejs": 10.166162911544614,
  "threejs": 10.363511732380807,
  "p5-animation": 13.787684135660248,
  "text-to-website": 3.5684862231630734,
  "dataviz": 12.116845758261075,
  "chat-arena": 12.015414015350618
}