{
  "text-to-game": -1.0322772001842901,
  "dataviz": 3.174610648735742,
  "p5-animation": 2.2873229749725965,
  "tonejs": 15.145759582231857,
  "threejs": 7.98499023513972,
  "chat-arena": 8.922443042637813,
  "text-to-website": -2.312919610305789
}