{
  "chat-arena": 5.417015905484607,
  "text-to-game": 10.75641398255174,
  "text-to-website": 2.4277298672457484,
  "threejs": 8.388631094966042
}