{
  "dataviz": 11.291394037566272,
  "chat-arena": 8.946115740709715,
  "threejs": 18.988436795598865,
  "tonejs": 10.829826677536236,
  "p5-animation": 12.841255203958756,
  "text-to-website": 3.8684521546424087,
  "text-to-game": 11.273261919480749
}