{
  "dataviz": 11.291394037566272,
  "p5-animation": 11.365539475112646,
  "tonejs": 6.531011186164768,
  "chat-arena": 9.452783390493412,
  "threejs": 19.354082292580394,
  "text-to-website": 3.9020928738003455,
  "text-to-game": 12.034294483127391
}