{
  "dataviz": 2.0630697626270464,
  "p5-animation": 2.2873229749725965,
  "tonejs": 15.145759582231857,
  "text-to-website": -1.751101197460271,
  "text-to-game": 0.511385299760525,
  "threejs": 8.765269987515222,
  "chat-arena": 6.124334248087474
}