{
  "dataviz": 6.539409191452747,
  "p5-animation": 5.639038477130312,
  "tonejs": 9.974591818634082,
  "threejs": 8.765269987515222,
  "text-to-game": 1.9955261689491746,
  "text-to-website": -1.0789448886654265,
  "chat-arena": 6.124334248087474
}