{
  "text-to-game": -1.1256730218053894,
  "dataviz": 5.579099797549311,
  "chat-arena": 11.68861465143917,
  "tonejs": 3.4985581005077737,
  "text-to-website": 2.6420992384400463,
  "p5-animation": 4.1899338458098345,
  "threejs": 5.098075488769948
}