{
  "text-to-game": 15.195257229218381,
  "threejs": 18.265614273320534,
  "tonejs": 11.389524865246383,
  "dataviz": 15.965909059970864,
  "p5-animation": 19.426695075273393,
  "text-to-website": 6.408499212930861,
  "chat-arena": 10.651480426248662
}