{
  "threejs": 11.225341590642433,
  "p5-animation": 13.596976933185264,
  "tonejs": 5.56182505996334,
  "dataviz": 17.183466301540626,
  "chat-arena": 10.257632823396523,
  "text-to-game": 10.32379171114045,
  "text-to-website": 5.9905284203988804
}