{
  "text-to-website": -1.6659783727029462,
  "dataviz": 8.291396186677439,
  "tonejs": -3.3243218592736286,
  "chat-arena": 9.889058970965067,
  "threejs": 10.716646672372985,
  "text-to-game": 5.567887346476055,
  "p5-animation": 16.91520729965847
}