{
  "tonejs": 4.813137859065243,
  "threejs": 16.763736012562664,
  "dataviz": 16.288335419494516,
  "text-to-game": 3.8100387105172224,
  "chat-arena": 10.364967175577258,
  "p5-animation": 13.784322090042743,
  "text-to-website": 4.281089539895753
}