{
  "threejs": 14.853749701083627,
  "tonejs": 25.556939348258858,
  "dataviz": 6.120086745925427,
  "p5-animation": 14.138080798008623,
  "text-to-game": 9.673057380298431,
  "chat-arena": 10.047200669844154,
  "text-to-website": 7.154238312429289
}