{
  "tonejs": 4.813137859065243,
  "text-to-website": 4.960488395297414,
  "dataviz": 18.003989919063276,
  "threejs": 15.248374305583564,
  "text-to-game": 6.632263614331925,
  "p5-animation": 12.85979982654393,
  "chat-arena": 10.103805543704295
}