{
  "dataviz": 10.479150267016333,
  "text-to-website": 5.012113019128332,
  "text-to-game": 2.344334109795364,
  "tonejs": -3.011658653530697,
  "threejs": 15.499974808458582,
  "chat-arena": 10.941228290159145,
  "p5-animation": 6.4530814020967835
}