{
  "tonejs": 11.389524865246383,
  "dataviz": 16.010914049382418,
  "text-to-game": 15.557677993684386,
  "p5-animation": 20.299163286364113,
  "threejs": 18.516171022453694,
  "chat-arena": 11.717960513219433,
  "text-to-website": 5.581072616558336
}