{
  "p5-animation": 19.22202423474877,
  "threejs": 16.731318556172837,
  "dataviz": 21.670212228788824,
  "chat-arena": 11.035027335801358,
  "text-to-game": 12.608371921170894,
  "tonejs": 25.45178838353994,
  "text-to-website": 8.124197753492451
}