{
  "text-to-website": 0.394506542932497,
  "p5-animation": 3.892185749480584,
  "chat-arena": 5.282855787567109,
  "dataviz": 16.773603162165752,
  "text-to-game": -0.5516897627845974,
  "tonejs": 7.565832643518833,
  "threejs": 8.321099463331937
}