{
  "p5-animation": 13.232052977694352,
  "text-to-website": 2.874888079352637,
  "tonejs": -10.202250005368745,
  "dataviz": 11.008898892803956,
  "threejs": 9.863311412222448,
  "chat-arena": 8.313244839001797,
  "text-to-game": 6.150191005622913
}