{
  "dataviz": 2.6434181929166165,
  "threejs": 15.243813528945463,
  "text-to-game": 11.804717311693924,
  "p5-animation": 17.33253661843011,
  "tonejs": 8.587494500165995,
  "chat-arena": 11.152505018552073,
  "text-to-website": 5.578853019843349
}