{
  "tonejs": 25.556939348258858,
  "threejs": 13.669665547475105,
  "chat-arena": 10.365117997400063,
  "dataviz": 6.120086745925427,
  "p5-animation": 14.138080798008623,
  "text-to-website": 6.517360293782425,
  "text-to-game": 6.716245713815041
}