{
  "dataviz": 5.499124395195963,
  "text-to-website": -1.9244392145535572,
  "text-to-game": -2.1801296245053687,
  "chat-arena": 9.546891372050851,
  "threejs": 5.933707655495938,
  "tonejs": 0.43223602590312993
}