{
  "dataviz": -5.576973949396706,
  "chat-arena": 5.3100016902944125,
  "p5-animation": 4.919609878175561,
  "text-to-game": -0.3607192412254028,
  "threejs": 4.183032348641184,
  "tonejs": 26.137830440157686,
  "text-to-website": -0.27548311265948344
}