{
  "p5-animation": 19.619923191158346,
  "text-to-game": 12.695567180520472,
  "chat-arena": 11.456166933572916,
  "dataviz": 26.608929674883303,
  "text-to-website": 7.050659794751431,
  "threejs": 16.637757249312802
}