{
  "p5-animation": 5.853442463292244,
  "chat-arena": 5.084423908952773,
  "dataviz": -1.8011544950179808,
  "tonejs": 26.365656742681136,
  "threejs": 4.183032348641184,
  "text-to-website": 0.14915970094298947,
  "text-to-game": 1.4131246833577444
}