{
  "threejs": 11.2018780821023,
  "text-to-game": 10.876810561159065,
  "p5-animation": 12.835267496066946,
  "text-to-website": 5.3324628135083465,
  "chat-arena": 7.888240224021111,
  "dataviz": 17.183466301540626
}