{
  "dataviz": 5.499124395195963,
  "text-to-website": -2.0881618970785563,
  "text-to-game": -2.1801296245053687,
  "chat-arena": 9.546891372050851,
  "threejs": 6.187796649294898,
  "tonejs": 0.43223602590312993
}