{
  "text-to-website": -0.6290132679826859,
  "threejs": 5.510380640033018,
  "p5-animation": -0.21476482241477157,
  "text-to-game": 5.292643891428897
}