{
  "text-to-game": 7.075438485711871,
  "text-to-website": 4.975646728703351,
  "threejs": 10.459814395543361,
  "tonejs": 10.166162911544614,
  "p5-animation": 5.332936893633828,
  "chat-arena": 11.873641347832585
}