{
  "text-to-website": 5.6513316756059915,
  "tonejs": 6.014740335618459,
  "dataviz": 13.242614905366331,
  "threejs": 9.397433294755459,
  "chat-arena": 11.919218871147395,
  "text-to-game": 4.210091029533171,
  "p5-animation": -4.310507954962018
}