{
  "tonejs": 4.813137859065243,
  "text-to-website": 5.344634791939922,
  "dataviz": 14.359361111934493,
  "threejs": 15.248374305583564,
  "text-to-game": 6.6474802889068485,
  "p5-animation": 12.85979982654393,
  "chat-arena": 10.103805543704295
}