{
  "p5-animation": 13.596976933185264,
  "tonejs": 5.56182505996334,
  "dataviz": 17.183466301540626,
  "threejs": 11.846072143399843,
  "text-to-website": 6.04066225104713,
  "chat-arena": 10.096173488958001,
  "text-to-game": 10.15475805522965
}