{
  "tonejs": 6.014740335618459,
  "text-to-website": 6.2273117642922555,
  "text-to-game": 7.973459855861919,
  "dataviz": 13.242614905366331,
  "threejs": 9.397433294755459,
  "chat-arena": 11.300646459068254,
  "p5-animation": -4.310507954962018
}