{
  "dataviz": 13.500575482430392,
  "tonejs": 1.5294665278574389,
  "text-to-game": -0.6302460565039278,
  "threejs": -0.9085431454037813,
  "text-to-website": -1.429041988006958,
  "chat-arena": 9.45165484692131,
  "p5-animation": -0.48182327450257834
}