{
  "dataviz": 11.291394037566272,
  "p5-animation": 11.365539475112646,
  "tonejs": 6.531011186164768,
  "text-to-game": 10.63654597614657,
  "threejs": 16.33575262895578,
  "chat-arena": 6.501603454362447,
  "text-to-website": 3.301224789501414
}