{
  "dataviz": 10.081397022632451,
  "text-to-website": -2.555473463827085,
  "p5-animation": -0.48182327450257834,
  "text-to-game": 4.296104219485464,
  "threejs": -0.6059184786405476,
  "chat-arena": 9.927180981389876,
  "tonejs": 1.4085888560509883
}