{
  "chat-arena": 10.827666371548133,
  "p5-animation": 6.2292097627907514,
  "tonejs": -2.114928270914323,
  "text-to-game": 9.90111871417649,
  "dataviz": 11.777309587519351,
  "threejs": 11.466859534215324,
  "text-to-website": 3.248587500757202
}