{
  "dataviz": 14.592148346097005,
  "chat-arena": 11.270305259735814,
  "p5-animation": 12.099695922298242,
  "text-to-website": 4.523465151888717,
  "tonejs": -2.114928270914323,
  "text-to-game": 9.72416380103418,
  "threejs": 9.760163887798663
}