{
  "p5-animation": 13.232052977694352,
  "text-to-website": 3.1127966262479503,
  "tonejs": -10.202250005368745,
  "dataviz": 11.008898892803956,
  "threejs": 11.431762066826442,
  "chat-arena": 8.066069349184398,
  "text-to-game": 7.319885046123947
}