{
  "chat-arena": 5.084423908952773,
  "dataviz": -1.8011544950179808,
  "p5-animation": 4.919609878175561,
  "threejs": 4.183032348641184,
  "tonejs": 26.137830440157686,
  "text-to-website": 0.29298348193125356,
  "text-to-game": 1.2549916292853283
}