{
  "chat-arena": 5.417015905484607,
  "text-to-game": 12.49656714029628,
  "text-to-website": 2.037574006068958,
  "threejs": 7.09018150750384
}