{
  "tonejs": 6.014740335618459,
  "dataviz": 13.242614905366331,
  "threejs": 9.397433294755459,
  "chat-arena": 11.796632037390903,
  "p5-animation": -4.310507954962018,
  "text-to-game": 8.13808113036071,
  "text-to-website": 6.223733087909519
}