{
  "threejs": 1.4422881918919854,
  "p5-animation": 3.6602976744281435,
  "dataviz": 3.3668351505765486,
  "tonejs": -0.601307113652437,
  "chat-arena": 7.814817782336175,
  "text-to-game": -4.958047086917349,
  "text-to-website": -3.8985926962348696
}