{
  "dataviz": 2.0630697626270464,
  "text-to-game": -0.5745751734204267,
  "p5-animation": 2.2873229749725965,
  "chat-arena": 8.165627771468355,
  "tonejs": 15.145759582231857,
  "text-to-website": -2.724465122057344,
  "threejs": 8.765269987515222
}