{
  "text-to-website": -2.7206607446704543,
  "dataviz": 10.081397022632451,
  "p5-animation": -0.48182327450257834,
  "threejs": -0.6059184786405476,
  "text-to-game": 4.221847374132856,
  "chat-arena": 9.927180981389876,
  "tonejs": 1.4085888560509883
}