{
  "dataviz": 11.291394037566272,
  "text-to-website": 3.940181951312127,
  "threejs": 18.03209689568887,
  "tonejs": 10.829826677536236,
  "p5-animation": 17.999509388994472,
  "chat-arena": 8.210085967199902,
  "text-to-game": 10.887568468209562
}