{
  "text-to-website": 5.7215155466792575,
  "tonejs": 6.014740335618459,
  "dataviz": 13.242614905366331,
  "threejs": 9.397433294755459,
  "chat-arena": 11.51471926881479,
  "text-to-game": 4.592296721017457,
  "p5-animation": -4.310507954962018
}