{
  "text-to-game": 11.985184733143297,
  "threejs": 14.698111687784717,
  "p5-animation": 16.9606269475098,
  "tonejs": 8.587494500165995,
  "chat-arena": 10.665539804941506,
  "text-to-website": 5.558953174941688
}