{
  "dataviz": 5.499124395195963,
  "text-to-game": -1.0744526448668341,
  "text-to-website": -2.5108177801239275,
  "chat-arena": 9.546891372050851,
  "threejs": 5.995940024574777,
  "tonejs": 0.43223602590312993,
  "p5-animation": 3.164186956245972
}