{
  "text-to-website": 5.226170188752672,
  "dataviz": 6.588425232995945,
  "threejs": 15.29477571699838,
  "p5-animation": 17.492599155091543,
  "text-to-game": 10.99505663102989,
  "tonejs": 10.310834246396007,
  "chat-arena": 11.318239354423397
}