{
  "threejs": 4.704599751141885,
  "dataviz": 2.556527667485785,
  "tonejs": -0.601307113652437,
  "chat-arena": 8.85549070334849,
  "text-to-website": -3.135988415132016,
  "p5-animation": 2.718564252807102,
  "text-to-game": -2.027705846814213
}