{
  "text-to-game": 7.635511615938208,
  "chat-arena": 7.693766389503024,
  "threejs": 11.535487915674182,
  "text-to-website": 2.278175208319595,
  "tonejs": 17.875591168496655,
  "p5-animation": 14.417212699279627,
  "dataviz": 14.908663339646669
}