{
  "p5-animation": 13.232052977694352,
  "text-to-website": 2.7502456063277627,
  "dataviz": 11.086837054736229,
  "tonejs": -10.202250005368745,
  "text-to-game": 7.894596365028264,
  "threejs": 12.119102963085222,
  "chat-arena": 8.070322019660138
}