{
  "threejs": 8.364272144318054,
  "p5-animation": 3.4907445405036075,
  "dataviz": 14.233493159723196,
  "text-to-website": -0.30900699705498447,
  "text-to-game": -0.741376735855213,
  "tonejs": 7.565832643518833,
  "chat-arena": 5.70501375302803
}