{
  "text-to-game": 6.9671314969342655,
  "tonejs": -2.709729072091365,
  "threejs": 11.593645734670517,
  "dataviz": 16.698757216432615,
  "p5-animation": 15.821600317044897,
  "text-to-website": 5.057993354350469,
  "chat-arena": 10.5568856379216
}