{
  "text-to-website": 4.703291122649712,
  "p5-animation": 12.311102844290119,
  "text-to-game": 0.10274502607407943,
  "tonejs": -3.011658653530697,
  "threejs": 10.74550799893516,
  "chat-arena": 10.34818453086786
}