{
  "text-to-website": 5.2195779268468785,
  "dataviz": 10.479150267016333,
  "chat-arena": 10.605641070306682,
  "text-to-game": 4.2217992681134255,
  "tonejs": -3.011658653530697,
  "threejs": 15.57047115085677,
  "p5-animation": 8.988622049151576
}