{
  "p5-animation": 14.679277655542188,
  "chat-arena": 12.534611782763374,
  "threejs": 11.450798924726937,
  "dataviz": 16.246703405995838,
  "text-to-website": 4.072527410397786,
  "text-to-game": 8.571960945322436,
  "tonejs": 16.472996415623662
}