{
  "dataviz": 10.081397022632451,
  "text-to-game": 4.795694792182819,
  "p5-animation": -0.48182327450257834,
  "threejs": -0.6059184786405476,
  "chat-arena": 9.927180981389876,
  "tonejs": 1.4085888560509883,
  "text-to-website": -2.5951430783504366
}