{
  "dataviz": 14.442648847496754,
  "p5-animation": 12.85279405526956,
  "text-to-game": 11.22723730613589,
  "text-to-website": 4.8742396060125,
  "tonejs": -2.114928270914323,
  "threejs": 9.760163887798663,
  "chat-arena": 11.607477346061051
}