{
  "dataviz": 7.955094804922631,
  "tonejs": 4.704541948105968,
  "p5-animation": 4.907283873806936,
  "text-to-website": 2.184304988789206,
  "text-to-game": 0.5034871318036194,
  "threejs": 5.284458509393262,
  "chat-arena": 12.310572486548834
}