{
  "dataviz": 10.479150267016333,
  "text-to-website": 5.012113019128332,
  "text-to-game": 3.120305228081255,
  "tonejs": -3.011658653530697,
  "chat-arena": 10.663783737456932,
  "threejs": 15.499974808458582,
  "p5-animation": 7.261430927281439
}