{
  "text-to-game": 7.274828521057376,
  "threejs": 12.159702512912379,
  "tonejs": -2.709729072091365,
  "dataviz": 16.85381863761591,
  "p5-animation": 15.821600317044897,
  "text-to-website": 5.337995271233585,
  "chat-arena": 10.40861401210769
}