{
  "dataviz": 10.479150267016333,
  "text-to-website": 5.07063380896043,
  "text-to-game": 3.391292890985251,
  "tonejs": -3.011658653530697,
  "threejs": 15.499974808458582,
  "chat-arena": 10.941228290159145,
  "p5-animation": 6.4530814020967835
}