{
  "dataviz": 14.442648847496754,
  "p5-animation": 12.85279405526956,
  "text-to-website": 4.434620447265269,
  "tonejs": -2.114928270914323,
  "text-to-game": 10.182383592028764,
  "threejs": 9.760163887798663,
  "chat-arena": 11.607477346061051
}