{
  "tonejs": 15.71751299827935,
  "dataviz": 14.133248996871725,
  "text-to-website": 5.151605086365462,
  "threejs": 14.847211907141531,
  "text-to-game": 6.86970022348173,
  "p5-animation": 12.85979982654393,
  "chat-arena": 10.131458463839074
}