{
  "text-to-game": 9.78355045262974,
  "p5-animation": 5.304789151386224,
  "chat-arena": 6.202035135284959,
  "threejs": 7.21222780897584,
  "dataviz": 5.334640040180609,
  "text-to-website": 8.010335472731922
}