{
  "text-to-website": -2.152500105269063,
  "dataviz": 10.286528338715648,
  "p5-animation": 10.968631623900713,
  "threejs": 8.032742680734737,
  "tonejs": -3.3243218592736286,
  "text-to-game": -1.2128436756001726,
  "chat-arena": 9.955757812595724
}