{
  "text-to-website": -0.10200539185471236,
  "dataviz": -5.576973949396706,
  "chat-arena": 5.444951345328773,
  "p5-animation": 4.263614687792153,
  "text-to-game": -3.2822309158118017,
  "tonejs": 26.144947413685898,
  "threejs": 5.34459102685613
}