{
  "p5-animation": 18.757405585655842,
  "chat-arena": 11.872386971230965,
  "dataviz": 15.603213796815517,
  "text-to-website": 7.1405521104937355,
  "threejs": 17.910744094448358,
  "text-to-game": 10.082790375142231
}