{
  "p5-animation": 14.679277655542188,
  "chat-arena": 12.534611782763374,
  "threejs": 11.462352792335142,
  "dataviz": 16.246703405995838,
  "text-to-website": 4.072527410397786,
  "tonejs": 16.472996415623662,
  "text-to-game": 8.661112983205589
}