{
  "p5-animation": 19.478706696740343,
  "chat-arena": 11.872386971230965,
  "dataviz": 15.603213796815517,
  "text-to-website": 7.720416756373398,
  "threejs": 17.910744094448358,
  "text-to-game": 10.56822293914329
}