{
  "tonejs": 6.38344311089425,
  "dataviz": 11.775118775018898,
  "p5-animation": 10.16672255737253,
  "threejs": 15.062743768117434,
  "text-to-game": 7.682182972635421,
  "text-to-website": 5.0011165999791665,
  "chat-arena": 11.483612099588939
}