{
  "dataviz": 10.286528338715648,
  "p5-animation": 10.968631623900713,
  "threejs": 7.864263926600968,
  "tonejs": -3.3243218592736286,
  "text-to-game": -1.2128436756001726,
  "text-to-website": -2.1835682022852305,
  "chat-arena": 9.955757812595724
}