{
  "p5-animation": 5.574929356794094,
  "text-to-website": -0.1233029084122994,
  "tonejs": 17.89945945431602,
  "chat-arena": 5.282855787567109,
  "dataviz": 16.773603162165752,
  "threejs": 8.795817560741249,
  "text-to-game": 2.7152455811636123
}