{
  "chat-arena": 7.693766389503024,
  "text-to-game": 6.450935681974248,
  "threejs": 11.41813438622993,
  "tonejs": 18.092644521242804,
  "dataviz": 13.653864957908809,
  "p5-animation": 14.417212699279627,
  "text-to-website": 2.2237285978902284
}