{
  "chat-arena": 8.207168834081429,
  "text-to-game": 3.250824226696448,
  "text-to-website": 10.363572758270395
}