{
  "dataviz": 7.955094804922631,
  "tonejs": 4.704541948105968,
  "p5-animation": 4.907283873806936,
  "text-to-website": 1.8791213595284284,
  "text-to-game": 3.3629793337586626,
  "threejs": 5.284458509393262,
  "chat-arena": 12.192560573991695
}