{
  "threejs": 11.535487915674182,
  "text-to-game": 7.774122199282125,
  "tonejs": 17.875591168496655,
  "p5-animation": 14.417212699279627,
  "chat-arena": 8.122720649529066,
  "dataviz": 14.908663339646669,
  "text-to-website": 2.408051404227105
}