{
  "p5-animation": 14.679277655542188,
  "chat-arena": 12.534611782763374,
  "tonejs": 10.166162911544614,
  "threejs": 10.683481719070627,
  "text-to-website": 4.0783970650897805,
  "dataviz": 16.246703405995838,
  "text-to-game": 8.69032598638567
}