{
  "p5-animation": 15.363301955131796,
  "threejs": 12.932060026488799,
  "tonejs": -2.709729072091365,
  "dataviz": 16.85381863761591,
  "text-to-game": 5.979910472620511,
  "text-to-website": 5.650595967237177,
  "chat-arena": 10.98397369989236
}