{
  "p5-animation": 19.402275578346682,
  "chat-arena": 11.456166933572916,
  "text-to-game": 13.127191472087326,
  "dataviz": 23.350701280005843,
  "text-to-website": 6.942899955277195,
  "threejs": 16.637757249312802
}