{
  "dataviz": 14.442648847496754,
  "p5-animation": 12.099695922298242,
  "text-to-website": 4.434620447265269,
  "tonejs": -2.114928270914323,
  "text-to-game": 9.123873037439719,
  "threejs": 9.760163887798663,
  "chat-arena": 11.607477346061051
}