{
  "text-to-game": 11.82951188259241,
  "dataviz": 2.6434181929166165,
  "threejs": 15.243813528945463,
  "p5-animation": 17.33253661843011,
  "tonejs": 8.587494500165995,
  "chat-arena": 11.152505018552073,
  "text-to-website": 5.959838793322873
}