{
  "threejs": 11.225341590642433,
  "p5-animation": 14.031598366299317,
  "tonejs": 5.56182505996334,
  "dataviz": 17.183466301540626,
  "chat-arena": 10.257632823396523,
  "text-to-game": 11.921953360494664,
  "text-to-website": 5.953319388015503
}