{
  "text-to-game": 8.137313846640511,
  "chat-arena": 7.928224454391549,
  "threejs": 11.535487915674182,
  "tonejs": 17.875591168496655,
  "p5-animation": 14.417212699279627,
  "text-to-website": 1.7471424773691453,
  "dataviz": 14.908663339646669
}