{
  "dataviz": 10.479150267016333,
  "text-to-website": 4.874054136291651,
  "p5-animation": 10.554640901022356,
  "tonejs": -3.011658653530697,
  "threejs": 15.506667903536416,
  "text-to-game": 4.527230548413975,
  "chat-arena": 11.06480707717971
}