{
  "threejs": 3.480602520604778,
  "dataviz": 2.556527667485785,
  "p5-animation": 2.1491677768034467,
  "tonejs": -0.601307113652437,
  "chat-arena": 8.783223520135408,
  "text-to-game": -3.5282445508690805,
  "text-to-website": -3.136325985636049
}