{
  "p5-animation": 8.379812386893182,
  "dataviz": 11.686812568475384,
  "tonejs": 6.946209112747855,
  "text-to-game": 4.834863417208833,
  "threejs": 13.269029442035322,
  "chat-arena": 10.249933445955842,
  "text-to-website": 4.085559629563246
}