{
  "text-to-game": 5.9444147019579665,
  "threejs": 13.106043725012226,
  "p5-animation": 16.452961610346836,
  "tonejs": 6.537596995566549,
  "chat-arena": 11.038076948479874,
  "text-to-website": 5.694267891288517
}