{
  "dataviz": 10.286528338715648,
  "p5-animation": 16.720741172401,
  "threejs": 9.414421242393491,
  "text-to-game": 3.5404394871354583,
  "tonejs": -3.3243218592736286,
  "chat-arena": 9.970970544283244,
  "text-to-website": -1.671847574389266
}