{
  "threejs": 12.159702512912379,
  "tonejs": -2.709729072091365,
  "dataviz": 16.85381863761591,
  "text-to-game": 5.700068800577806,
  "p5-animation": 15.64489432098434,
  "text-to-website": 5.650595967237177,
  "chat-arena": 10.98397369989236
}