{
  "text-to-game": -0.4060870821754201,
  "dataviz": 2.0630697626270464,
  "p5-animation": 2.2873229749725965,
  "text-to-website": -2.680405095607495,
  "chat-arena": 8.165627771468355,
  "tonejs": 15.145759582231857,
  "threejs": 8.765269987515222
}