{
  "dataviz": 14.442648847496754,
  "p5-animation": 14.334407173698576,
  "text-to-game": 11.435579752499748,
  "text-to-website": 5.031380084896287,
  "tonejs": -2.114928270914323,
  "threejs": 9.760163887798663,
  "chat-arena": 11.486121137150185
}