{
  "text-to-website": 6.412748873643146,
  "p5-animation": 19.619923191158346,
  "chat-arena": 11.456166933572916,
  "text-to-game": 13.431670058094195,
  "dataviz": 25.95613498659723,
  "threejs": 16.637757249312802
}