{
  "threejs": 4.31415467813836,
  "dataviz": 7.955094804922631,
  "tonejs": 4.704541948105968,
  "text-to-website": 2.195416528340421,
  "p5-animation": 4.1899338458098345,
  "text-to-game": -1.6472543063995442,
  "chat-arena": 11.970600542739074
}