{
  "text-to-game": 5.377243951791401,
  "tonejs": 4.813137859065243,
  "threejs": 13.990425381291825,
  "dataviz": 16.288335419494516,
  "text-to-website": 4.1908741875093956,
  "p5-animation": 12.85979982654393,
  "chat-arena": 10.191766643871212
}