{
  "dataviz": 10.286528338715648,
  "p5-animation": 10.968631623900713,
  "threejs": 7.864263926600968,
  "tonejs": -3.3243218592736286,
  "text-to-game": -2.5115781345095964,
  "text-to-website": -2.245689961727237,
  "chat-arena": 9.955757812595724
}