{
  "p5-animation": 13.232052977694352,
  "text-to-game": 2.790647719566887,
  "text-to-website": 3.1548343939514307,
  "chat-arena": 8.477175638033412,
  "tonejs": -10.202250005368745,
  "dataviz": 11.008898892803956,
  "threejs": 10.052379346717474
}