{
  "text-to-game": 7.233112685882269,
  "tonejs": 10.166162911544614,
  "chat-arena": 12.211462199840506,
  "threejs": 9.74868226253162,
  "p5-animation": 13.787684135660248,
  "text-to-website": 3.5823051793704943,
  "dataviz": 12.116845758261075
}