{
  "threejs": 11.535487915674182,
  "chat-arena": 8.02249803380899,
  "text-to-game": 7.774122199282125,
  "tonejs": 17.875591168496655,
  "p5-animation": 14.417212699279627,
  "text-to-website": 1.7471424773691453,
  "dataviz": 14.908663339646669
}