{
  "dataviz": 6.916992781575917,
  "text-to-game": 10.411047567871782,
  "chat-arena": 6.306002440439922,
  "threejs": 6.696528633962799,
  "text-to-website": 2.9700345540197324
}