{
  "text-to-game": 12.708100235430098,
  "p5-animation": 5.304789151386224,
  "chat-arena": 3.3767955940502627,
  "threejs": 5.609671166253635,
  "text-to-website": 11.624049564064435
}