{
  "tonejs": 6.946209112747855,
  "dataviz": 11.775118775018898,
  "p5-animation": 10.521795523610704,
  "chat-arena": 10.5253221049352,
  "text-to-website": 5.092735956041821,
  "threejs": 14.237045254088578,
  "text-to-game": 7.478549659450057
}