{
  "text-to-game": -0.5535578117769857,
  "text-to-website": -2.0566872067463002,
  "dataviz": 3.174610648735742,
  "p5-animation": 2.831939351502365,
  "tonejs": 13.289142436145713,
  "threejs": 8.576853412495517,
  "chat-arena": 9.23716077538954
}