{
  "dataviz": 11.686812568475384,
  "tonejs": 6.946209112747855,
  "p5-animation": 10.521795523610704,
  "text-to-game": 6.942284906403717,
  "text-to-website": 4.880353619327784,
  "chat-arena": 10.252149448496654,
  "threejs": 14.237045254088578
}