{
  "text-to-website": -2.366209003801031,
  "dataviz": 5.499124395195963,
  "text-to-game": -0.13027161867414572,
  "tonejs": 0.43223602590312993,
  "p5-animation": 3.8801562806568626,
  "chat-arena": 9.268460533604372,
  "threejs": 6.229011930812501
}