{
  "threejs": 2.698544253905797,
  "dataviz": 2.556527667485785,
  "p5-animation": 2.1491677768034467,
  "tonejs": -0.601307113652437,
  "chat-arena": 8.288463484139168,
  "text-to-game": -4.27885913934151,
  "text-to-website": -3.93305681873578
}