{
  "text-to-website": -1.9779473656805828,
  "threejs": 8.562850374790932,
  "p5-animation": 5.869518943985849,
  "chat-arena": 5.602666379592767,
  "text-to-game": 5.9520458010504615
}