{
  "threejs": 8.364272144318054,
  "p5-animation": 3.892185749480584,
  "text-to-website": -0.2223802428149888,
  "dataviz": 15.84538342735392,
  "text-to-game": -0.5516897627845974,
  "tonejs": 7.565832643518833,
  "chat-arena": 5.64127624704703
}