{
  "text-to-game": 8.286263367295255,
  "tonejs": 6.014740335618459,
  "dataviz": 13.242614905366331,
  "threejs": 9.397433294755459,
  "chat-arena": 12.19372120167721,
  "p5-animation": -4.310507954962018,
  "text-to-website": 6.39904149931607
}