{
  "dataviz": 10.081397022632451,
  "text-to-game": 4.648499878727055,
  "threejs": -0.6355851247574504,
  "chat-arena": 9.927180981389876,
  "p5-animation": 3.598872835679739,
  "tonejs": 1.4085888560509883,
  "text-to-website": -2.6752682921334263
}