{
  "text-to-game": 6.895034839734549,
  "threejs": 11.35475313019719,
  "tonejs": 12.28005809077955,
  "dataviz": 11.474317035656249,
  "chat-arena": 7.480691447306748,
  "text-to-website": 2.6910059995628024,
  "p5-animation": 14.612228736971332
}