{
  "text-to-website": 2.627277638732686,
  "threejs": 11.467960482020565,
  "tonejs": 12.28005809077955,
  "text-to-game": 7.241618010962107,
  "dataviz": 11.474317035656249,
  "chat-arena": 7.480691447306748,
  "p5-animation": 14.417212699279627
}