{
  "dataviz": 10.286528338715648,
  "tonejs": -3.3243218592736286,
  "text-to-website": -1.6232109600262552,
  "chat-arena": 9.741312140372061,
  "threejs": 10.716646672372985,
  "text-to-game": 5.395600870047576,
  "p5-animation": 16.91520729965847
}