{
  "text-to-website": 5.4239536707063145,
  "dataviz": 6.588425232995945,
  "threejs": 15.243813528945463,
  "p5-animation": 17.33253661843011,
  "tonejs": 8.587494500165995,
  "text-to-game": 11.087605694525745,
  "chat-arena": 11.318239354423397
}