{
  "p5-animation": 10.405779366368161,
  "text-to-game": 7.062649480359672,
  "tonejs": 10.166162911544614,
  "threejs": 10.67498469607067,
  "text-to-website": 3.821208923953998,
  "chat-arena": 11.126856604189157
}