{
  "tonejs": 11.389524865246383,
  "dataviz": 16.010914049382418,
  "p5-animation": 20.561214129126142,
  "threejs": 18.58825120479285,
  "chat-arena": 11.796618219877821,
  "text-to-game": 14.131008937329053,
  "text-to-website": 5.64815320371539
}