{
  "text-to-website": -1.6659783727029462,
  "threejs": 11.856052178379528,
  "dataviz": 8.291396186677439,
  "tonejs": -3.3243218592736286,
  "chat-arena": 9.889058970965067,
  "text-to-game": 5.083099787448047,
  "p5-animation": 16.91520729965847
}