{
  "text-to-game": 1.9334537195594326,
  "tonejs": -2.709729072091365,
  "threejs": 8.825380090758554,
  "dataviz": 16.85835611993364,
  "p5-animation": 16.0378145165083,
  "text-to-website": 4.2193746836689385,
  "chat-arena": 10.530611512343174
}