{
  "text-to-website": -1.8116264005000977,
  "p5-animation": 4.4182557474658495,
  "text-to-game": 5.6421661550493605,
  "threejs": 6.877482632799416
}