{
  "threejs": 9.676509916953,
  "p5-animation": 5.574929356794094,
  "tonejs": 17.89945945431602,
  "chat-arena": 5.282855787567109,
  "text-to-website": 0.026332010614859236,
  "dataviz": 16.773603162165752,
  "text-to-game": 3.5320107852422424
}