{
  "text-to-game": 10.876810561159065,
  "threejs": 11.225341590642433,
  "text-to-website": 5.360402043744511,
  "p5-animation": 14.031598366299317,
  "chat-arena": 9.469492385303402,
  "dataviz": 17.183466301540626
}