{
  "dataviz": 11.291394037566272,
  "p5-animation": 11.365539475112646,
  "tonejs": 6.531011186164768,
  "threejs": 17.87286845728306,
  "chat-arena": 6.501603454362447,
  "text-to-website": 4.046544892879411,
  "text-to-game": 12.034294483127391
}