{
  "dataviz": 2.0630697626270464,
  "p5-animation": 5.639038477130312,
  "tonejs": 15.145759582231857,
  "text-to-website": -1.1154572476810196,
  "threejs": 8.765269987515222,
  "text-to-game": 1.8080036804572637,
  "chat-arena": 6.124334248087474
}