{
  "p5-animation": 13.232052977694352,
  "text-to-website": 3.7967800236186413,
  "tonejs": -10.202250005368745,
  "chat-arena": 8.368786660007745,
  "dataviz": 11.008898892803956,
  "threejs": 9.863311412222448,
  "text-to-game": 5.335280839380707
}