{
  "text-to-website": 5.284441789821476,
  "tonejs": 6.38344311089425,
  "dataviz": 11.775118775018898,
  "p5-animation": 10.16672255737253,
  "threejs": 15.062743768117434,
  "text-to-game": 6.917888156887005,
  "chat-arena": 11.483612099588939
}