{
  "dataviz": 14.442648847496754,
  "p5-animation": 14.334407173698576,
  "tonejs": -2.114928270914323,
  "text-to-game": 11.741018310011317,
  "text-to-website": 5.2227490321391175,
  "chat-arena": 12.006321817190603,
  "threejs": 10.659490319659648
}