{
  "text-to-game": -1.1256730218053894,
  "dataviz": 5.579099797549311,
  "chat-arena": 11.882082623330536,
  "tonejs": 3.4985581005077737,
  "p5-animation": 1.749029621529484,
  "text-to-website": 2.592749840830419,
  "threejs": 5.098075488769948
}