{
  "chat-arena": 10.897651377745753,
  "text-to-website": 4.6153705230985125,
  "p5-animation": 12.311102844290119,
  "text-to-game": 0.10274502607407943,
  "tonejs": -3.011658653530697,
  "threejs": 10.74550799893516
}