{
  "text-to-game": 5.7312903274591225,
  "text-to-website": -0.45519806672965313,
  "threejs": 5.510380640033018
}