{
  "dataviz": 9.094293010019141,
  "tonejs": 24.487898201566917,
  "threejs": 13.669665547475105,
  "p5-animation": 14.138080798008623,
  "text-to-website": 6.517360293782425,
  "text-to-game": 6.678516523631469,
  "chat-arena": 10.671153066697297
}