{
  "dataviz": 10.286528338715648,
  "text-to-game": 3.1390891257110507,
  "p5-animation": 16.720741172401,
  "tonejs": -3.3243218592736286,
  "chat-arena": 9.741312140372061,
  "threejs": 10.594429048283356,
  "text-to-website": -2.115687804251518
}