{
  "text-to-website": 4.966948369206342,
  "dataviz": 6.588425232995945,
  "threejs": 15.29477571699838,
  "p5-animation": 17.492599155091543,
  "tonejs": 8.587494500165995,
  "text-to-game": 10.99505663102989,
  "chat-arena": 11.318239354423397
}