{
  "chat-arena": 12.534611782763374,
  "tonejs": 10.166162911544614,
  "threejs": 10.918876143893224,
  "p5-animation": 13.787684135660248,
  "text-to-website": 4.0783970650897805,
  "dataviz": 16.246703405995838,
  "text-to-game": 8.69032598638567
}