{
  "p5-animation": 19.619923191158346,
  "chat-arena": 11.456166933572916,
  "text-to-game": 13.127191472087326,
  "dataviz": 26.608929674883303,
  "text-to-website": 6.986721048181523,
  "threejs": 16.637757249312802
}