{
  "threejs": 14.853749701083627,
  "tonejs": 25.512647685472512,
  "p5-animation": 9.064107347308052,
  "dataviz": 6.120086745925427,
  "chat-arena": 9.822982827614787,
  "text-to-game": 10.497007490690388,
  "text-to-website": 7.082916341597507
}