{
  "text-to-game": 5.842452171471232,
  "tonejs": 4.813137859065243,
  "threejs": 13.990425381291825,
  "dataviz": 16.288335419494516,
  "text-to-website": 5.131910774497772,
  "p5-animation": 12.85979982654393,
  "chat-arena": 10.103805543704295
}