{
  "text-to-game": 12.328890899151547,
  "threejs": 11.225341590642433,
  "p5-animation": 14.031598366299317,
  "dataviz": 17.183466301540626,
  "chat-arena": 10.257632823396523,
  "text-to-website": 5.553035065477799
}