{
  "text-to-game": 1.5906799223997568,
  "dataviz": 10.081397022632451,
  "tonejs": 1.5294665278574389,
  "p5-animation": -0.48182327450257834,
  "threejs": -0.6059184786405476,
  "chat-arena": 9.862997958489224,
  "text-to-website": -2.8032712772820574
}