{
  "text-to-game": 1.9334537195594326,
  "text-to-website": 4.407566531994348,
  "tonejs": -2.709729072091365,
  "threejs": 8.825380090758554,
  "dataviz": 16.85835611993364,
  "p5-animation": 16.0378145165083,
  "chat-arena": 10.05535981983448
}