{
  "text-to-game": 12.918730854876188,
  "text-to-website": 3.607340354838021,
  "threejs": 8.388631094966042,
  "chat-arena": 5.417015905484607
}