{
  "threejs": 11.225341590642433,
  "p5-animation": 14.031598366299317,
  "text-to-game": 11.849901616061942,
  "dataviz": 17.183466301540626,
  "chat-arena": 10.257632823396523,
  "text-to-website": 5.61205032144404
}