{
  "text-to-website": 3.047591821447334,
  "chat-arena": 7.601906150637627,
  "text-to-game": 7.570408882146011,
  "threejs": 11.467960482020565,
  "tonejs": 12.28005809077955,
  "dataviz": 11.474317035656249,
  "p5-animation": 14.417212699279627
}