{
  "threejs": 3.480602520604778,
  "dataviz": 2.556527667485785,
  "tonejs": -0.601307113652437,
  "chat-arena": 8.783223520135408,
  "p5-animation": 2.718564252807102,
  "text-to-game": -3.0199602575084166,
  "text-to-website": -3.136325985636049
}