{
  "tonejs": 25.512647685472512,
  "threejs": 14.808526274911415,
  "p5-animation": 9.064107347308052,
  "dataviz": 6.120086745925427,
  "chat-arena": 9.822982827614787,
  "text-to-game": 10.497007490690388,
  "text-to-website": 6.756911561639026
}