{
  "p5-animation": 5.574929356794094,
  "tonejs": 17.89945945431602,
  "chat-arena": 5.282855787567109,
  "text-to-game": 0.3566107185686507,
  "dataviz": 16.773603162165752,
  "text-to-website": 0.10370268794756354,
  "threejs": 8.795817560741249
}