{
  "tonejs": 11.389524865246383,
  "dataviz": 16.010914049382418,
  "text-to-game": 15.23429118651904,
  "p5-animation": 20.299163286364113,
  "threejs": 18.58825120479285,
  "chat-arena": 11.717960513219433,
  "text-to-website": 5.679915982829831
}