{
  "threejs": 4.31415467813836,
  "dataviz": 7.955094804922631,
  "tonejs": 4.704541948105968,
  "text-to-website": 2.195416528340421,
  "p5-animation": 4.907283873806936,
  "text-to-game": 0.284228214725343,
  "chat-arena": 11.437191756075725
}