{
  "tonejs": 6.946209112747855,
  "dataviz": 11.775118775018898,
  "p5-animation": 10.16672255737253,
  "threejs": 14.237045254088578,
  "text-to-game": 7.077078266876606,
  "text-to-website": 5.075063551380159,
  "chat-arena": 11.133363161293365
}