{
  "text-to-website": 0.521392257628452,
  "p5-animation": 5.853442463292244,
  "chat-arena": 5.084423908952773,
  "dataviz": -1.8011544950179808,
  "threejs": 4.183032348641184,
  "tonejs": 25.782204680193512,
  "text-to-game": 2.1896374686480335
}