{
  "p5-animation": 19.924461329454335,
  "threejs": 15.713846945697705,
  "chat-arena": 11.456166933572916,
  "text-to-game": 12.547443841089425,
  "dataviz": 23.350701280005843,
  "text-to-website": 7.256586103708729,
  "tonejs": 18.43911004399961
}