{
  "threejs": 8.74427438637823,
  "text-to-website": 3.960831503045597,
  "tonejs": 6.014740335618459,
  "dataviz": 13.242614905366331,
  "chat-arena": 11.441765963108612,
  "text-to-game": 4.217076674263219,
  "p5-animation": -4.310507954962018
}