{
  "text-to-website": 6.02596185513327,
  "tonejs": 6.014740335618459,
  "dataviz": 13.242614905366331,
  "threejs": 9.397433294755459,
  "chat-arena": 11.919218871147395,
  "text-to-game": 7.131869579470752,
  "p5-animation": -4.310507954962018
}