{
  "text-to-website": -1.9779473656805828,
  "p5-animation": 5.869518943985849,
  "chat-arena": 6.35567695210724,
  "text-to-game": 5.6421661550493605,
  "threejs": 9.485438684162874
}