{
  "text-to-game": 15.47583219275771,
  "threejs": 17.98185573553237,
  "tonejs": 11.389524865246383,
  "dataviz": 15.965909059970864,
  "p5-animation": 19.426695075273393,
  "text-to-website": 6.120282650633719,
  "chat-arena": 10.651480426248662
}