{
  "text-to-website": -3.9167398574428374,
  "p5-animation": -2.5022579203854782,
  "dataviz": -2.3808924327382126,
  "tonejs": 6.290231517119221,
  "chat-arena": 6.405980396425342,
  "threejs": -2.0286821054971287,
  "text-to-game": -3.052850369985292
}