{
  "text-to-website": -3.9061097537800906,
  "p5-animation": -2.5022579203854782,
  "dataviz": -2.3808924327382126,
  "tonejs": 6.290231517119221,
  "chat-arena": 5.992106032348281,
  "threejs": -2.0286821054971287,
  "text-to-game": -4.660062981864188
}