{
  "p5-animation": -1.2463368507222974,
  "tonejs": 7.594763920535019,
  "dataviz": -2.3808924327382126,
  "text-to-website": -3.061486608530632,
  "chat-arena": 5.064003360921669,
  "threejs": -2.2447245475380475,
  "text-to-game": -6.08509236894709
}