{
  "p5-animation": -2.5022579203854782,
  "text-to-game": -5.343782562340327,
  "dataviz": -2.3808924327382126,
  "tonejs": 6.290231517119221,
  "chat-arena": 5.399633158551363,
  "text-to-website": -3.673629056308151,
  "threejs": -2.0286821054971287
}