{
  "p5-animation": -1.2463368507222974,
  "tonejs": 7.594763920535019,
  "chat-arena": 4.711854087932868,
  "dataviz": -2.3808924327382126,
  "text-to-website": -3.061486608530632,
  "threejs": -2.2483196016721454,
  "text-to-game": -6.08509236894709
}