{
  "text-to-game": -5.3714881516379105,
  "p5-animation": -2.5022579203854782,
  "dataviz": -2.3808924327382126,
  "tonejs": 6.290231517119221,
  "text-to-website": -4.175242949148874,
  "threejs": -2.0286821054971287,
  "chat-arena": 6.295959031009966
}