{
  "text-to-website": -4.112853263057692,
  "p5-animation": -2.5022579203854782,
  "dataviz": -2.3808924327382126,
  "tonejs": 6.290231517119221,
  "chat-arena": 5.992106032348281,
  "threejs": -2.0286821054971287,
  "text-to-game": -3.769370931253477
}