{
  "text-to-website": -0.11218139649901371,
  "chat-arena": 8.922375090157995,
  "tonejs": -2.787365694001995,
  "text-to-game": 4.090893040595249,
  "threejs": 10.721345760278195,
  "p5-animation": 4.76004191267816,
  "dataviz": 6.5348298263137945
}