{
  "text-to-website": -0.6724851178616709,
  "dataviz": 3.8657105047709948,
  "tonejs": 1.896199743565628,
  "p5-animation": 10.483144416804048,
  "chat-arena": 10.376329725215065,
  "threejs": 7.291333367868498,
  "text-to-game": 2.090803095560078
}