{
  "text-to-website": -0.46533865772311334,
  "text-to-game": 6.118619561755576,
  "tonejs": 5.907409739642979
}