{
  "tonejs": -4.088196233867591,
  "dataviz": 10.576806572909828,
  "p5-animation": 10.439476149365557,
  "text-to-website": 0.39265778348845126,
  "threejs": 6.923713072957765,
  "text-to-game": 5.5958678166847875,
  "chat-arena": 10.973628618019173
}