{
  "dataviz": 3.8657105047709948,
  "text-to-website": -0.6927782831695444,
  "tonejs": 1.896199743565628,
  "chat-arena": 10.376329725215065,
  "text-to-game": 1.4654024160810453,
  "p5-animation": 11.233115551579148,
  "threejs": 6.677708832562525
}