{
  "text-to-game": -0.8265130257987523,
  "chat-arena": 13.467361936363528,
  "p5-animation": 7.083834036392807,
  "tonejs": 6.597841659514403,
  "dataviz": 8.037745081132966,
  "text-to-website": -2.55104936583499,
  "threejs": 7.740145195093727
}