{
  "tonejs": -4.088196233867591,
  "dataviz": 9.443832362768577,
  "p5-animation": 10.420892533087155,
  "text-to-website": 1.0835422155096492,
  "threejs": 5.236782210051499,
  "text-to-game": 3.172021452818593,
  "chat-arena": 9.993188314018955
}