{
  "threejs": -3.5684491811723635,
  "text-to-game": 0.8367146484273267,
  "text-to-website": 4.215143848387651
}