{
  "text-to-game": 0.8430581771927481,
  "p5-animation": 7.083834036392807,
  "tonejs": 6.597841659514403,
  "dataviz": 8.037745081132966,
  "text-to-website": -2.6895955289452065,
  "threejs": 7.384301019874076,
  "chat-arena": 13.377898232948844
}