{
  "chat-arena": 10.3423340751288,
  "tonejs": 6.99795872493436,
  "dataviz": 9.057879778619462,
  "text-to-game": 2.6914991664059174,
  "p5-animation": 5.857644303838443,
  "threejs": 3.968680575587289,
  "text-to-website": -3.116386701645421
}