{
  "chat-arena": 8.938425258849167,
  "tonejs": -2.787365694001995,
  "threejs": 10.721345760278195,
  "p5-animation": 4.76004191267816,
  "text-to-game": 3.7218344815971705,
  "text-to-website": -0.9017210331001697,
  "dataviz": 2.0678656718628954
}