{
  "text-to-website": -4.92845629691329,
  "chat-arena": 14.106883909365745,
  "text-to-game": -2.5903884336990766,
  "dataviz": 6.757120997260657,
  "p5-animation": 4.055910448930767,
  "tonejs": 6.597841659514403,
  "threejs": 7.314761017089114
}