{
  "dataviz": 3.8657105047709948,
  "tonejs": 1.896199743565628,
  "chat-arena": 10.376329725215065,
  "text-to-game": 1.1486884785384963,
  "text-to-website": -1.243389673448512,
  "p5-animation": 11.509089367305624,
  "threejs": 6.9496638375951365
}