{
  "dataviz": 10.861994364681106,
  "p5-animation": 17.10819616306739,
  "chat-arena": 10.640988615112512,
  "text-to-game": 3.2645966383627467,
  "threejs": 7.936390892704338,
  "tonejs": 9.718199679706673,
  "text-to-website": 1.2699238391110619
}