{
  "threejs": -3.5684491811723635,
  "tonejs": 12.375229445961853,
  "chat-arena": 16.977185739097514,
  "text-to-website": 2.665992901951255,
  "text-to-game": 0.21021047114577263
}