{
  "text-to-game": 5.911214468259319,
  "tonejs": 5.907409739642979,
  "text-to-website": -1.404087375495355
}