{
  "chat-arena": 10.129671621878204,
  "dataviz": 5.74108325351756,
  "tonejs": 1.9405750755218953,
  "text-to-game": 1.1876709102364273,
  "text-to-website": -1.9045721383171492,
  "p5-animation": 11.02817444616094,
  "threejs": 6.9496638375951365
}