{
  "tonejs": 6.99795872493436,
  "p5-animation": 1.5190711266724364,
  "dataviz": 4.376855164050681,
  "text-to-website": -2.823174662322331,
  "text-to-game": -4.317219951676846,
  "threejs": 2.784680290186789,
  "chat-arena": 9.557704344080083
}