{
  "tonejs": -4.088196233867591,
  "dataviz": 10.576806572909828,
  "p5-animation": 10.439476149365557,
  "text-to-website": 0.6426584422422001,
  "threejs": 5.83389869161078,
  "text-to-game": 4.59852282265093,
  "chat-arena": 10.973628618019173
}