{
  "text-to-website": 0.07196202311672595,
  "chat-arena": 9.084749952666517,
  "text-to-game": 3.8552420564927776,
  "threejs": 10.871530827586836,
  "p5-animation": 4.76004191267816,
  "dataviz": 6.5348298263137945,
  "tonejs": 9.009417133412038
}