{
  "chat-arena": 8.938425258849167,
  "p5-animation": 5.344616969384175,
  "tonejs": -2.787365694001995,
  "threejs": 10.721345760278195,
  "text-to-game": 4.758463570559912,
  "text-to-website": -0.9017210331001697,
  "dataviz": 2.0678656718628954
}