{
  "chat-arena": 10.29970735309301,
  "tonejs": -2.3103157793586107,
  "text-to-website": 0.3268221236608775,
  "p5-animation": 5.678598030100931,
  "dataviz": 2.47707783484727,
  "text-to-game": 4.725509740880506,
  "threejs": 8.872769283310854
}