{
  "text-to-website": -0.05522366074897267,
  "text-to-game": 6.118619561755576,
  "p5-animation": 1.4136195267694092,
  "tonejs": 5.907409739642979,
  "dataviz": 13.298165496265117
}