{
  "dataviz": 3.8657105047709948,
  "text-to-website": -0.6293470325484984,
  "tonejs": 1.896199743565628,
  "p5-animation": 10.483144416804048,
  "chat-arena": 10.376329725215065,
  "threejs": 6.616836291572344,
  "text-to-game": 1.7869999620772523
}