{
  "tonejs": -0.3420579224932343,
  "dataviz": 12.4698047516267,
  "text-to-game": 4.833708072940641,
  "p5-animation": 7.745562612964848,
  "threejs": 8.360346193696616,
  "text-to-website": -1.4139088240266573,
  "chat-arena": 10.48617596434946
}