{
  "dataviz": 10.861994364681106,
  "text-to-website": -2.8560667896336156,
  "threejs": 16.843287230232846,
  "text-to-game": 2.731391226424156
}