{
  "dataviz": 10.861994364681106,
  "text-to-website": -3.699660951150974,
  "p5-animation": 17.10819616306739,
  "threejs": 16.843287230232846,
  "text-to-game": 2.731391226424156
}