{
  "tonejs": -4.088196233867591,
  "dataviz": 9.443832362768577,
  "p5-animation": 10.439476149365557,
  "text-to-website": 1.0083244555474766,
  "threejs": 5.885887993899239,
  "text-to-game": 3.1018566894016577,
  "chat-arena": 10.661044254131198
}