{
  "threejs": 7.6490119835676715,
  "dataviz": 5.5712672427907854,
  "tonejs": 16.249815959900456,
  "text-to-game": -4.93998356704312,
  "text-to-website": -2.809912379556879,
  "p5-animation": 1.0045507166313223,
  "chat-arena": 11.511261813237661
}