{
  "text-to-game": -0.10653926787666634,
  "chat-arena": 13.467361936363528,
  "p5-animation": 7.083834036392807,
  "tonejs": 6.597841659514403,
  "dataviz": 8.037745081132966,
  "text-to-website": -2.2237909858224314,
  "threejs": 7.2976257686752435
}