{
  "chat-arena": 13.467361936363528,
  "p5-animation": 6.9524333470824615,
  "text-to-game": -0.7727077685089596,
  "tonejs": 6.597841659514403,
  "dataviz": 8.037745081132966,
  "text-to-website": -2.55104936583499,
  "threejs": 7.740145195093727
}