{
  "tonejs": -4.088196233867591,
  "dataviz": 10.576806572909828,
  "p5-animation": 10.439476149365557,
  "text-to-website": 0.7841697385796871,
  "threejs": 6.923713072957765,
  "chat-arena": 10.973628618019173,
  "text-to-game": 6.199950102202514
}