{
  "text-to-website": 1.6472659124181575,
  "text-to-game": 6.118619561755576,
  "p5-animation": 1.4136195267694092,
  "tonejs": 5.907409739642979,
  "threejs": 9.862326470560994,
  "chat-arena": 6.97230401593816,
  "dataviz": 13.298165496265117
}