{
  "tonejs": -0.3420579224932343,
  "threejs": 7.683767498482007,
  "dataviz": 12.4698047516267,
  "text-to-game": 4.885401180553639,
  "p5-animation": 7.745562612964848,
  "text-to-website": 0.15041739812616273,
  "chat-arena": 12.355459101169174
}