{
  "tonejs": -0.3420579224932343,
  "p5-animation": 7.266740842301887,
  "dataviz": 12.4698047516267,
  "text-to-game": 5.130433506539097,
  "threejs": 7.804420589378923,
  "chat-arena": 10.705748406785581,
  "text-to-website": -2.7300280153142458
}