{
  "text-to-game": 0.5556181664415183,
  "p5-animation": 7.083834036392807,
  "tonejs": 6.597841659514403,
  "dataviz": 8.037745081132966,
  "text-to-website": -2.6895955289452065,
  "threejs": 7.2976257686752435,
  "chat-arena": 13.377898232948844
}