{
  "threejs": -3.5684491811723635,
  "tonejs": 12.375229445961853,
  "chat-arena": 10.310876626178505,
  "text-to-game": 0.647573492788001,
  "text-to-website": 4.215143848387651
}