{
  "tonejs": -0.3420579224932343,
  "chat-arena": 12.302343588082925,
  "dataviz": 12.4698047516267,
  "text-to-website": -0.8488093577058231,
  "text-to-game": 4.507971233311443,
  "p5-animation": 7.745562612964848,
  "threejs": 7.466073909261215
}