{
  "tonejs": -0.3420579224932343,
  "p5-animation": 7.266740842301887,
  "dataviz": 12.4698047516267,
  "text-to-game": 4.11120957110615,
  "threejs": 8.80989078067641,
  "chat-arena": 10.487799168586669,
  "text-to-website": -3.809626835692582
}