{
  "tonejs": 6.99795872493436,
  "dataviz": 9.057879778619462,
  "text-to-website": -3.387585783477369,
  "p5-animation": 5.9410430921927,
  "text-to-game": -1.4052582190794847,
  "threejs": 4.223402451680966,
  "chat-arena": 9.873002105956829
}