{
  "threejs": 6.928603250691451,
  "text-to-website": -3.133175641901751,
  "p5-animation": 6.9524333470824615,
  "text-to-game": -0.2733193189245271,
  "tonejs": 6.597841659514403,
  "dataviz": 8.037745081132966,
  "chat-arena": 13.29390758341782
}