{
  "text-to-website": 0.017976496279855425,
  "text-to-game": 6.118619561755576,
  "tonejs": 5.907409739642979
}