{
  "tonejs": 6.99795872493436,
  "dataviz": 9.057879778619462,
  "text-to-game": 2.484092796000934,
  "p5-animation": 5.9410430921927,
  "threejs": 3.968680575587289,
  "chat-arena": 9.873002105956829,
  "text-to-website": -3.116386701645421
}