{
  "tonejs": 6.99795872493436,
  "dataviz": 9.057879778619462,
  "text-to-website": -3.07537334592966,
  "p5-animation": 5.9410430921927,
  "text-to-game": -2.841650272454455,
  "threejs": 2.789466268524669,
  "chat-arena": 9.873002105956829
}