{
  "tonejs": 6.99795872493436,
  "p5-animation": 1.5190711266724364,
  "dataviz": 9.057879778619462,
  "text-to-website": -2.8897449668832595,
  "text-to-game": -2.841650272454455,
  "threejs": 2.789466268524669,
  "chat-arena": 9.873002105956829
}