{
  "text-to-website": -3.196719728649334,
  "dataviz": 5.165982236104908,
  "tonejs": 16.249815959900456,
  "text-to-game": -0.5672076539339401,
  "p5-animation": 1.0045507166313223,
  "chat-arena": 11.959539881870384,
  "threejs": 8.101987566531434
}