{
  "tonejs": 6.99795872493436,
  "dataviz": 9.057879778619462,
  "text-to-game": 0.694440102714541,
  "text-to-website": -3.327583674655828,
  "p5-animation": 5.9410430921927,
  "threejs": 4.223402451680966,
  "chat-arena": 9.873002105956829
}