{
  "tonejs": -4.088196233867591,
  "dataviz": 9.443832362768577,
  "p5-animation": 10.420892533087155,
  "text-to-website": 1.312441563963548,
  "threejs": 5.236782210051499,
  "text-to-game": 3.2391037295063647,
  "chat-arena": 10.300080847976322
}