{
  "tonejs": -0.3420579224932343,
  "p5-animation": 7.266740842301887,
  "dataviz": 12.4698047516267,
  "text-to-game": 4.833708072940641,
  "threejs": 8.360346193696616,
  "chat-arena": 10.5664666324035,
  "text-to-website": -1.4704272283086786
}