{
  "text-to-website": -0.11218139649901371,
  "chat-arena": 8.922375090157995,
  "tonejs": -2.787365694001995,
  "threejs": 10.721345760278195,
  "p5-animation": 4.76004191267816,
  "text-to-game": 2.6554055773943035,
  "dataviz": 3.9942030236030366
}