{
  "chat-arena": 13.923352511593158,
  "p5-animation": 7.083834036392807,
  "tonejs": 6.597841659514403,
  "dataviz": 8.037745081132966,
  "text-to-website": -2.6087642116362892,
  "text-to-game": 0.6002397570294291,
  "threejs": 7.384301019874076
}