{
  "tonejs": 6.99795872493436,
  "p5-animation": 1.5190711266724364,
  "dataviz": 9.057879778619462,
  "text-to-website": -3.1608409219090747,
  "text-to-game": -3.7976174418509734,
  "threejs": 2.789466268524669,
  "chat-arena": 9.660673685872904
}