{
  "dataviz": 3.8657105047709948,
  "text-to-website": -0.7479949983737275,
  "tonejs": 1.896199743565628,
  "p5-animation": 10.483144416804048,
  "chat-arena": 10.376329725215065,
  "text-to-game": 1.0494682794587948,
  "threejs": 6.677708832562525
}