{
  "threejs": 7.676705693800753,
  "dataviz": 5.165982236104908,
  "tonejs": 16.249815959900456,
  "p5-animation": 1.0045507166313223,
  "text-to-website": -2.821696553509158,
  "text-to-game": -2.1515346479626913,
  "chat-arena": 12.059022342580255
}