{
  "tonejs": -4.088196233867591,
  "text-to-website": 1.711418120403203,
  "dataviz": 10.576806572909828,
  "p5-animation": 10.439476149365557,
  "threejs": 5.885887993899239,
  "text-to-game": 3.8506460864882035,
  "chat-arena": 10.973628618019173
}