{
  "chat-arena": 9.057694555689011,
  "tonejs": -2.3103157793586107,
  "text-to-website": -0.8872850169145057,
  "p5-animation": 5.344616969384175,
  "dataviz": 2.47707783484727,
  "text-to-game": 5.306481769153314,
  "threejs": 9.682247618998254
}