{
  "threejs": -3.5684491811723635,
  "text-to-game": 1.974822574479104,
  "text-to-website": 4.215143848387651
}