{
  "tonejs": -0.3420579224932343,
  "text-to-website": -0.4503345335976885,
  "dataviz": 12.4698047516267,
  "text-to-game": 4.2456279766768334,
  "p5-animation": 7.745562612964848,
  "threejs": 7.466073909261215,
  "chat-arena": 12.355459101169174
}