{
  "text-to-website": -5.143170641642186,
  "chat-arena": 14.066996645980701,
  "text-to-game": -2.5903884336990766,
  "dataviz": 6.757120997260657,
  "p5-animation": 4.055910448930767,
  "tonejs": 6.597841659514403,
  "threejs": 7.314761017089114
}