{
  "dataviz": 10.861994364681106,
  "text-to-website": -1.8219599754550613,
  "threejs": 16.843287230232846,
  "text-to-game": 1.6660175490356846
}