{
  "dataviz": -2.508299621342374,
  "tonejs": 7.248296653407738,
  "p5-animation": 3.5650591768270976,
  "chat-arena": 9.300453758323226,
  "text-to-game": -4.5656204828806235,
  "threejs": 5.506573356007212,
  "text-to-website": -6.1947613697680595
}