{
  "dataviz": -2.508299621342374,
  "tonejs": 7.248296653407738,
  "threejs": 5.508003241163047,
  "text-to-game": -4.467393448304865,
  "p5-animation": 4.611623570510162,
  "text-to-website": -6.220540187101125,
  "chat-arena": 9.534521983352706
}