{
  "dataviz": -2.508299621342374,
  "threejs": 3.0726494555539388,
  "text-to-game": -3.577082585154801,
  "p5-animation": 5.401346252057021,
  "text-to-website": -6.196368747567075,
  "chat-arena": 9.487969696233936
}