{
  "dataviz": -2.508299621342374,
  "threejs": 3.735285797873547,
  "text-to-game": -3.577082585154801,
  "p5-animation": 5.401346252057021,
  "text-to-website": -6.196368747567075,
  "chat-arena": 9.548121712262647
}