{
  "text-to-game": -6.659190709114381,
  "threejs": -2.094474640984317,
  "p5-animation": 5.939448764927846,
  "text-to-website": -4.544456552890373,
  "dataviz": -1.6731442360038997,
  "chat-arena": 7.9809515815902685
}