{
  "text-to-game": -8.958647843161229,
  "threejs": -2.094474640984317,
  "text-to-website": -5.446490835701713,
  "dataviz": -1.6731442360038997,
  "chat-arena": 7.42318518030127
}