{
  "text-to-game": -7.263061943860334,
  "threejs": -2.094474640984317,
  "text-to-website": -5.446490835701713,
  "dataviz": -1.6731442360038997,
  "chat-arena": 7.677646431554588
}