{
  "text-to-game": -7.263061943860334,
  "threejs": -2.094474640984317,
  "text-to-website": -5.283185583928955,
  "dataviz": -1.6731442360038997,
  "chat-arena": 7.9809515815902685
}