{
  "p5-animation": 8.263678935110974,
  "dataviz": 7.729559423278462,
  "chat-arena": 12.124502313827106,
  "tonejs": 24.619680899653375,
  "threejs": 10.542485419092335,
  "text-to-game": 3.4010400893007042,
  "text-to-website": -0.44348579120526965
}