{
  "tonejs": 20.269638437125437,
  "chat-arena": 10.034418367012332,
  "threejs": 17.6097733572988,
  "p5-animation": 16.448955872956624,
  "text-to-game": 9.601000378895389,
  "dataviz": 16.011554839846198,
  "text-to-website": 3.524500829028802
}