{
  "p5-animation": 8.263678935110974,
  "dataviz": 7.729559423278462,
  "chat-arena": 12.124502313827106,
  "threejs": 10.769251411711522,
  "tonejs": 24.815310294629292,
  "text-to-game": 2.3740546891392933,
  "text-to-website": -0.24867801472098838
}