{
  "tonejs": 21.32279337621811,
  "dataviz": 13.574292267645305,
  "p5-animation": 16.752769727534364,
  "threejs": 18.04092623364669,
  "text-to-website": 3.0856068672789623,
  "chat-arena": 9.88148418754319,
  "text-to-game": 9.601000378895389
}