{
  "text-to-website": 0.7943008979450856,
  "dataviz": 11.426365544548934,
  "p5-animation": 8.20720587431653,
  "tonejs": 14.917508875147309,
  "threejs": 11.085441699055776,
  "text-to-game": 3.3962256972962663,
  "chat-arena": 10.698243893670167
}