{
  "text-to-game": 3.9034430747406113,
  "chat-arena": 10.331068022716114,
  "dataviz": 11.426365544548934,
  "p5-animation": 10.045038121964668,
  "tonejs": 14.917508875147309,
  "text-to-website": 1.3720923049561726,
  "threejs": 10.981601282484899
}