{
  "p5-animation": -7.702469514769337,
  "text-to-game": -5.657219597272906,
  "text-to-website": -10.179065657391066,
  "threejs": -6.302900932345526
}