{
  "p5-animation": 8.263678935110974,
  "dataviz": 9.129077270729795,
  "threejs": 10.854039274043306,
  "text-to-game": 2.0722797726232347,
  "chat-arena": 12.221011823349315,
  "tonejs": 24.935214400250977,
  "text-to-website": -0.0038330908392651963
}