{
  "chat-arena": 10.549663760361328,
  "dataviz": 17.258337221670594,
  "p5-animation": 10.968872611256458,
  "tonejs": 14.917508875147309,
  "threejs": 10.698494788330223,
  "text-to-game": 4.94632017177834,
  "text-to-website": 1.2579497623916391
}