{
  "text-to-game": 4.103041633305877,
  "chat-arena": 10.331068022716114,
  "dataviz": 17.258337221670594,
  "p5-animation": 10.54720830586471,
  "tonejs": 14.917508875147309,
  "text-to-website": 0.7430362148993628,
  "threejs": 11.7240167488537
}