{
  "chat-arena": 9.852981263154785,
  "threejs": 19.09039181958871,
  "text-to-game": 10.176980172463733,
  "tonejs": 21.659347605061765,
  "text-to-website": 6.452365388017219,
  "dataviz": 12.310441807565049,
  "p5-animation": 16.23762818330804
}