{
  "chat-arena": 10.366691460089603,
  "dataviz": 17.258337221670594,
  "p5-animation": 10.968872611256458,
  "tonejs": 14.917508875147309,
  "text-to-game": 4.84789225329517,
  "threejs": 10.698494788330223,
  "text-to-website": 1.4111824471021128
}