{
  "tonejs": 21.32279337621811,
  "dataviz": 13.574292267645305,
  "p5-animation": 15.79428273571935,
  "threejs": 18.04092623364669,
  "text-to-website": 3.0674683724792704,
  "chat-arena": 9.88148418754319,
  "text-to-game": 9.515906585513996
}