{
  "chat-arena": 9.681567893460796,
  "threejs": 19.09039181958871,
  "text-to-game": 10.118199542299159,
  "tonejs": 21.659347605061765,
  "text-to-website": 6.154959917135038,
  "dataviz": 12.310441807565049,
  "p5-animation": 16.23762818330804
}