{
  "dataviz": 9.129077270729795,
  "text-to-website": -1.9298536622355773,
  "threejs": 10.833499533690707,
  "text-to-game": 1.9457624039835753,
  "chat-arena": 11.800081916115008,
  "p5-animation": 4.221555051157386,
  "tonejs": 25.556330913873484
}