{
  "threejs": 11.739058900054516,
  "p5-animation": 11.83681888687136,
  "text-to-website": 5.115036035471199,
  "tonejs": 19.543002821070225,
  "dataviz": 11.151579701400243,
  "text-to-game": 6.702966414138126
}