{
  "chat-arena": 10.331068022716114,
  "dataviz": 17.258337221670594,
  "p5-animation": 10.54720830586471,
  "tonejs": 14.917508875147309,
  "text-to-game": 4.652444591772296,
  "threejs": 11.088829825129967,
  "text-to-website": 1.5948116174707803
}