{
  "p5-animation": 8.263678935110974,
  "dataviz": 9.129077270729795,
  "chat-arena": 12.124502313827106,
  "threejs": 11.324075034436243,
  "tonejs": 24.815310294629292,
  "text-to-game": 2.988431434464693,
  "text-to-website": 0.28962076926726565
}