{
  "dataviz": 9.129077270729795,
  "text-to-website": -1.9298536622355773,
  "threejs": 10.833499533690707,
  "chat-arena": 11.355258683016427,
  "text-to-game": 2.347570957994207,
  "p5-animation": 4.221555051157386,
  "tonejs": 25.556330913873484
}