{
  "text-to-website": 3.107439682149879,
  "threejs": 18.536995961737667,
  "tonejs": 21.659347605061765,
  "dataviz": 13.574292267645305,
  "p5-animation": 15.79428273571935,
  "chat-arena": 9.933081888025036,
  "text-to-game": 9.477744540449455
}