{
  "tonejs": 20.269638437125437,
  "p5-animation": 16.752769727534364,
  "chat-arena": 10.034418367012332,
  "threejs": 17.6097733572988,
  "text-to-website": 3.362598334787172,
  "text-to-game": 9.601000378895389,
  "dataviz": 16.011554839846198
}