{
  "chat-arena": 9.852981263154785,
  "text-to-game": 9.630359979737953,
  "threejs": 18.333911069450632,
  "tonejs": 21.659347605061765,
  "dataviz": 12.310441807565049,
  "p5-animation": 15.899610345775638,
  "text-to-website": 5.587538469470074
}