{
  "text-to-website": 0.7943008979450856,
  "dataviz": 11.426365544548934,
  "p5-animation": 8.20720587431653,
  "tonejs": 14.917508875147309,
  "text-to-game": 3.3962256972962663,
  "threejs": 10.981601282484899,
  "chat-arena": 10.699608361408616
}