{
  "chat-arena": 10.742449205610665,
  "text-to-game": 3.205249148906284,
  "p5-animation": 8.737435670826313,
  "tonejs": 16.382703288256234,
  "dataviz": 8.193318341350956,
  "text-to-website": -2.594343230140452,
  "threejs": 5.853838421642694
}