{
  "tonejs": 5.622866598014884,
  "dataviz": 16.872189928780468,
  "p5-animation": 9.282383703331258,
  "chat-arena": 9.817020369879568,
  "text-to-website": -1.439845802739986,
  "threejs": 6.334326393683229,
  "text-to-game": -0.8239015312945082
}