{
  "tonejs": 2.09153385647452,
  "p5-animation": 6.479391786176803,
  "dataviz": 12.2726701803455,
  "threejs": 11.495218088768684,
  "text-to-game": 6.444157814465438,
  "chat-arena": 9.14013308684842,
  "text-to-website": -0.7182198263203443
}