{
  "text-to-website": 1.9560970853453639,
  "p5-animation": 1.4771574598930908,
  "chat-arena": 2.74420642452504,
  "threejs": 14.523881270374957,
  "text-to-game": 10.265590983486907,
  "dataviz": 8.857084715108371
}