{
  "chat-arena": 10.002722508692903,
  "p5-animation": 8.737435670826313,
  "tonejs": 22.370741673262543,
  "dataviz": 8.193318341350956,
  "text-to-website": -1.72282852271205,
  "threejs": 5.486831904936246,
  "text-to-game": 2.80545527460528
}