{
  "threejs": 5.398300086479791,
  "text-to-game": 8.879141853422198,
  "dataviz": 8.193318341350956,
  "chat-arena": 8.75938011979658,
  "text-to-website": -4.967901073175158
}