{
  "p5-animation": 5.981147247800717,
  "chat-arena": 10.742449205610665,
  "threejs": 5.2684613203661605,
  "text-to-website": -1.724222751184638,
  "text-to-game": 6.989509879346656,
  "tonejs": 16.382703288256234,
  "dataviz": 8.193318341350956
}