{
  "text-to-game": -2.009174410337659,
  "dataviz": 16.872189928780468,
  "p5-animation": 9.282383703331258,
  "threejs": 7.332624080922048,
  "chat-arena": 9.817020369879568,
  "text-to-website": -1.1617201949644258
}