{
  "p5-animation": -3.1284899724528614,
  "chat-arena": 2.5035413742385533,
  "text-to-game": 12.169285669795777,
  "threejs": 4.529439632158189,
  "text-to-website": 1.4464264016863977,
  "dataviz": 4.365752751112028
}