{
  "threejs": 10.233642318679557,
  "p5-animation": 1.4771574598930908,
  "chat-arena": 1.9092515309843288,
  "text-to-game": 6.521410165785516,
  "text-to-website": 1.6709493453521915,
  "dataviz": 4.365752751112028
}