{
  "chat-arena": 6.594486257275163,
  "p5-animation": 7.082701752850445,
  "dataviz": 4.713980988552496,
  "threejs": 10.766768421860956,
  "text-to-game": 3.4777423980101467,
  "text-to-website": -0.9119610061262948
}