{
  "threejs": 14.844677098945056,
  "text-to-website": 3.0500750206708074,
  "p5-animation": 1.4771574598930908,
  "chat-arena": 5.041493153661695,
  "tonejs": 15.70835032797244,
  "dataviz": 8.857084715108371,
  "text-to-game": 10.152355450101835
}