{
  "text-to-game": 3.840413476414838,
  "chat-arena": 10.742449205610665,
  "p5-animation": 8.737435670826313,
  "tonejs": 16.382703288256234,
  "threejs": 5.996797803493019,
  "dataviz": 8.193318341350956,
  "text-to-website": -2.3561162676776277
}