{
  "threejs": 13.208432492466308,
  "text-to-website": 2.4432725023607156,
  "p5-animation": 1.4771574598930908,
  "chat-arena": 2.74420642452504,
  "tonejs": 15.70835032797244,
  "dataviz": 8.857084715108371,
  "text-to-game": 10.262028391240367
}