{
  "p5-animation": 1.4771574598930908,
  "chat-arena": 2.74420642452504,
  "threejs": 14.523881270374957,
  "text-to-game": 9.275838443055617,
  "dataviz": 8.857084715108371,
  "text-to-website": 2.279178273926163
}