{
  "tonejs": 2.09153385647452,
  "dataviz": 12.2726701803455,
  "p5-animation": 7.082701752850445,
  "threejs": 11.495218088768684,
  "text-to-game": 6.444157814465438,
  "text-to-website": -0.6499430772598658,
  "chat-arena": 7.484670617088114
}