{
  "tonejs": 2.09153385647452,
  "text-to-game": 6.100256734115968,
  "chat-arena": 7.047068112685768,
  "dataviz": 12.2726701803455,
  "p5-animation": 7.082701752850445,
  "threejs": 12.560598274725777,
  "text-to-website": -0.7253816507145487
}