{
  "chat-arena": 3.6686114813086785,
  "p5-animation": -3.1284899724528614,
  "text-to-game": 12.169285669795777,
  "threejs": 4.529439632158189,
  "text-to-website": 0.5128499913325273,
  "dataviz": 4.365752751112028
}