{
  "text-to-website": -3.193504851580271,
  "text-to-game": -0.9575934401167663,
  "dataviz": 9.760468609665896,
  "threejs": 4.328548275176061,
  "chat-arena": 12.682719248496854
}