{
  "chat-arena": 10.002722508692903,
  "p5-animation": 8.737435670826313,
  "text-to-game": 3.0974200556365297,
  "tonejs": 22.370741673262543,
  "dataviz": 8.193318341350956,
  "text-to-website": -2.700310411715498,
  "threejs": 5.853838421642694
}