{
  "text-to-website": -2.777884950399561,
  "text-to-game": -0.9575934401167663,
  "dataviz": 9.760468609665896,
  "threejs": 4.328548275176061,
  "chat-arena": 9.837970953965765
}