{
  "tonejs": 5.622866598014884,
  "text-to-game": -1.9316694359897433,
  "dataviz": 16.872189928780468,
  "p5-animation": 9.282383703331258,
  "chat-arena": 9.817020369879568,
  "threejs": 6.334326393683229,
  "text-to-website": -0.37623841218007437
}