{
  "tonejs": 14.045838355658251,
  "dataviz": 16.872189928780468,
  "p5-animation": 9.282383703331258,
  "chat-arena": 9.817020369879568,
  "threejs": 6.334326393683229,
  "text-to-website": -1.2712242565100336,
  "text-to-game": -1.099255580177299
}