{
  "text-to-game": -2.3260158039044185,
  "chat-arena": 5.037160832195935,
  "threejs": 12.253684891361443,
  "dataviz": 4.713980988552496,
  "p5-animation": 6.101001058756246,
  "text-to-website": -2.330450629982054
}