{
  "threejs": 5.398300086479791,
  "text-to-game": 6.415704070617261,
  "dataviz": 8.193318341350956,
  "chat-arena": 7.2475063097027945,
  "text-to-website": -5.332713025604685
}