{
  "text-to-game": 7.110000115977419,
  "p5-animation": -3.1284899724528614,
  "chat-arena": 2.5035413742385533,
  "threejs": 4.529439632158189,
  "text-to-website": 1.3597593749945442,
  "dataviz": 4.365752751112028
}