{
  "tonejs": 2.09153385647452,
  "chat-arena": 6.594486257275163,
  "dataviz": 12.2726701803455,
  "p5-animation": 7.082701752850445,
  "threejs": 10.174137605524814,
  "text-to-game": 4.001447709865767,
  "text-to-website": -2.3035508419138995
}