{
  "threejs": 14.844677098945056,
  "p5-animation": 1.4771574598930908,
  "dataviz": 9.25171980633786,
  "tonejs": 15.70835032797244,
  "chat-arena": 4.765394403322722,
  "text-to-game": 10.314823644179338,
  "text-to-website": 2.589588241441855
}