{
  "text-to-game": 0.4279621745586262,
  "p5-animation": 4.416183768492115,
  "chat-arena": 3.463071029796292,
  "threejs": 0.7061009968280878,
  "text-to-website": -2.568962138781629
}