{
  "text-to-game": -0.022316072571002543,
  "p5-animation": 4.416183768492115,
  "chat-arena": 3.463071029796292,
  "threejs": -1.2144264591556873,
  "text-to-website": -2.3787064542302696
}