{
  "p5-animation": 5.525781079140028,
  "dataviz": 0.7549244971721301,
  "tonejs": 2.647518153515323,
  "chat-arena": 3.24033923984649,
  "threejs": 1.7562062576404118,
  "text-to-website": -2.403828263109972,
  "text-to-game": 3.1605459579927366
}