{
  "p5-animation": 4.416183768492115,
  "dataviz": 0.7549244971721301,
  "chat-arena": 3.463071029796292,
  "threejs": 0.7061009968280878,
  "text-to-game": 2.3953480052276612,
  "text-to-website": -2.568962138781629
}