{
  "p5-animation": -2.3426410552237744,
  "text-to-game": 1.0438066836047923,
  "chat-arena": 3.463071029796292,
  "threejs": -1.2144264591556873,
  "text-to-website": -2.3787064542302696
}