{
  "p5-animation": -2.3426410552237744,
  "text-to-game": 0.8284627250655952,
  "text-to-website": -1.9518860640726619,
  "chat-arena": 4.93701024836355
}