{
  "p5-animation": 5.525781079140028,
  "dataviz": 0.7549244971721301,
  "chat-arena": 3.24033923984649,
  "threejs": 0.7061009968280878,
  "text-to-game": 2.3953480052276612,
  "text-to-website": -2.2610284379637995
}