{
  "p5-animation": 5.525781079140028,
  "dataviz": 0.7549244971721301,
  "tonejs": 2.647518153515323,
  "chat-arena": 3.24033923984649,
  "threejs": 0.3536334569505417,
  "text-to-website": -2.0367904613762224,
  "text-to-game": 3.1605459579927366
}