{
  "dataviz": 2.9099642730886703,
  "tonejs": 15.398161197574332,
  "p5-animation": 10.430053854474206,
  "threejs": 8.751954175698296,
  "text-to-website": 0.706013942767131,
  "text-to-game": 5.695579659792763,
  "chat-arena": 12.730348741754504
}