{
  "text-to-game": -2.8170225446876564,
  "text-to-website": 3.664110332129372
}