{
  "p5-animation": 3.863231915783704,
  "text-to-website": -7.556693630509022,
  "threejs": 8.414750732963261
}