{
  "chat-arena": 4.387930434113615,
  "p5-animation": 7.317948218902721,
  "text-to-game": -2.5804685903373787,
  "text-to-website": -6.297295209545087,
  "threejs": 9.202499790117832
}