{
  "dataviz": -1.0673433166716304,
  "p5-animation": 9.658681299670288,
  "text-to-website": -0.5975738928362722,
  "chat-arena": 9.803252237648234,
  "tonejs": 10.117391947475252,
  "text-to-game": -3.0980126887980246
}