{
  "text-to-game": 5.898905631880988,
  "dataviz": 4.95180603203999,
  "tonejs": 15.398161197574332,
  "text-to-website": 0.11316631238515207,
  "threejs": 9.68650694613331,
  "p5-animation": 9.988188099339354,
  "chat-arena": 12.283592023613728
}