{
  "dataviz": 4.95180603203999,
  "text-to-game": 5.848666007449021,
  "tonejs": 15.398161197574332,
  "threejs": 9.659912750545304,
  "p5-animation": 9.988188099339354,
  "text-to-website": -0.06515318189805663,
  "chat-arena": 12.283592023613728
}