{
  "p5-animation": 9.658681299670288,
  "text-to-website": 3.5157955886201613,
  "chat-arena": 11.260270086472788,
  "text-to-game": -4.382998918227894
}