{
  "chat-arena": 11.514145366543566,
  "tonejs": 9.618976123483858,
  "dataviz": -2.658630373130011,
  "threejs": 14.655851163917571,
  "text-to-website": 2.9990347534679627,
  "text-to-game": 11.93346381311503,
  "p5-animation": 10.831394888358872
}