{
  "chat-arena": 11.788237702954353,
  "p5-animation": 13.22084297364946,
  "text-to-game": 5.421972702953028,
  "text-to-website": 0.8983878091551127,
  "threejs": 18.76463170490375
}