{
  "tonejs": -1.7541580739362246,
  "text-to-website": 1.3959583804679085,
  "chat-arena": 10.017170147533236,
  "text-to-game": 3.39423557524833,
  "p5-animation": 12.249587103041183,
  "dataviz": 8.37816665111932,
  "threejs": 4.2313462707697695
}