{
  "tonejs": 8.27717058965369,
  "text-to-website": 4.577788609865133,
  "threejs": 14.436993836010465,
  "text-to-game": 10.03329157071502,
  "chat-arena": 9.759825924079474
}