{
  "text-to-website": 4.252962512506382,
  "tonejs": 3.0821684604220447,
  "threejs": 7.7837872052942725,
  "p5-animation": 8.96976582053489,
  "text-to-game": 5.014550845454071,
  "dataviz": 13.941292222311068,
  "chat-arena": 8.80729173284897
}