{
  "text-to-game": 10.820127324859468,
  "tonejs": 9.618976123483858,
  "dataviz": -0.2093602536145731,
  "threejs": 14.615186725814915,
  "text-to-website": 3.726308247279552,
  "p5-animation": 11.366890754208953,
  "chat-arena": 11.209347983749026
}