{
  "chat-arena": 9.67598599562039,
  "text-to-website": 0.8233006663758999
}