{
  "text-to-website": 2.7145109998033057,
  "tonejs": 9.618976123483858,
  "dataviz": -2.658630373130011,
  "p5-animation": 11.719369798514354,
  "threejs": 14.254590788265745,
  "chat-arena": 10.8141440132399,
  "text-to-game": 10.89653261169135
}