{
  "tonejs": -1.7541580739362246,
  "p5-animation": 13.754511069872592,
  "dataviz": 8.37816665111932,
  "threejs": 7.267183616489588,
  "text-to-game": 7.824731449264019,
  "text-to-website": 2.348853748538087,
  "chat-arena": 10.028079525908918
}