{
  "tonejs": -1.7541580739362246,
  "text-to-website": 1.9744718261739633,
  "chat-arena": 9.986387365164413,
  "p5-animation": 13.754511069872592,
  "dataviz": 8.37816665111932,
  "threejs": 4.2313462707697695,
  "text-to-game": 7.227294105654462
}