{
  "tonejs": 3.122541551545673,
  "p5-animation": 12.696608334553115,
  "text-to-game": 7.138911722155239,
  "text-to-website": 3.424184038630301,
  "dataviz": 13.941292222311068,
  "chat-arena": 10.114831812283317,
  "threejs": 9.792092166171216
}