{
  "tonejs": -1.7541580739362246,
  "chat-arena": 9.986387365164413,
  "text-to-game": 5.192488356893986,
  "text-to-website": 2.0989963108220984,
  "p5-animation": 12.249587103041183,
  "dataviz": 8.37816665111932,
  "threejs": 4.2313462707697695
}