{
  "text-to-website": 1.5231445115386464,
  "chat-arena": 13.838882960537932,
  "p5-animation": 7.6486763456939375,
  "threejs": 15.393337073347794,
  "text-to-game": 3.880893085294767
}