{
  "chat-arena": 11.514145366543566,
  "tonejs": 9.618976123483858,
  "dataviz": -2.658630373130011,
  "p5-animation": 11.719369798514354,
  "threejs": 14.655851163917571,
  "text-to-website": 2.991324266707107,
  "text-to-game": 11.866522956174123
}