{
  "tonejs": 3.122541551545673,
  "p5-animation": 12.696608334553115,
  "text-to-game": 7.259103395496508,
  "text-to-website": 3.0982065975692095,
  "dataviz": 13.941292222311068,
  "chat-arena": 9.386380966606117,
  "threejs": 9.792092166171216
}