{
  "text-to-game": 11.209163878715668,
  "text-to-website": 3.4882385718246947,
  "tonejs": 9.618976123483858,
  "dataviz": -2.658630373130011,
  "threejs": 14.7756108519076,
  "chat-arena": 11.636255412428618,
  "p5-animation": 10.831394888358872
}