{
  "text-to-game": 10.877375419323812,
  "text-to-website": 3.970020153060821,
  "tonejs": 9.618976123483858,
  "dataviz": -2.658630373130011,
  "threejs": 14.615186725814915,
  "chat-arena": 11.636255412428618,
  "p5-animation": 11.366890754208953
}