{
  "text-to-game": 10.877375419323812,
  "tonejs": 9.618976123483858,
  "text-to-website": 3.730826511322195,
  "dataviz": -2.658630373130011,
  "threejs": 14.7756108519076,
  "chat-arena": 11.636255412428618,
  "p5-animation": 12.787594395419722
}