{
  "tonejs": -1.7541580739362246,
  "text-to-website": 0.08204351200754934,
  "chat-arena": 8.872306678999614,
  "text-to-game": 3.519629803677498,
  "p5-animation": 8.685545720047022,
  "dataviz": 8.37816665111932,
  "threejs": 1.9820347393948783
}