{
  "tonejs": -1.7541580739362246,
  "chat-arena": 9.986387365164413,
  "p5-animation": 13.754511069872592,
  "dataviz": 8.37816665111932,
  "threejs": 6.062354688947579,
  "text-to-game": 7.227294105654462,
  "text-to-website": 2.4574901343584683
}