{
  "threejs": 9.68354577075073,
  "tonejs": 3.0821684604220447,
  "p5-animation": 12.458007878901928,
  "text-to-game": 5.43159961995471,
  "dataviz": 13.941292222311068,
  "text-to-website": 3.328435318693405,
  "chat-arena": 9.386380966606117
}