{
  "tonejs": 8.27717058965369,
  "threejs": 14.436993836010465,
  "text-to-website": 4.5228819095247985,
  "text-to-game": 10.195459012314718,
  "chat-arena": 11.482429313858866
}