{
  "tonejs": -1.7541580739362246,
  "chat-arena": 9.986387365164413,
  "text-to-game": 5.192488356893986,
  "p5-animation": 12.702150277237685,
  "dataviz": 8.37816665111932,
  "threejs": 4.2313462707697695,
  "text-to-website": 1.903492252949985
}