{
  "text-to-website": -5.8249011159552175,
  "dataviz": 5.401907344422401,
  "p5-animation": 14.770925041422451,
  "threejs": 7.906672041893566,
  "tonejs": 10.266572956460145,
  "chat-arena": 11.198534572696387,
  "text-to-game": 0.6620355071484072
}