{
  "text-to-game": 3.042326631338078,
  "chat-arena": 3.9982954024169555,
  "threejs": -0.7334032033619522,
  "text-to-website": -4.521028463934966
}