{
  "text-to-website": -5.555714723553527,
  "dataviz": 5.401907344422401,
  "threejs": 6.11392545916028,
  "p5-animation": 14.770925041422451,
  "tonejs": 10.266572956460145,
  "chat-arena": 10.773071694682919,
  "text-to-game": 1.0425332064777981
}