{
  "dataviz": 5.401907344422401,
  "p5-animation": 14.770925041422451,
  "threejs": 8.38104376257207,
  "tonejs": 10.266572956460145,
  "text-to-website": -5.615797824819358,
  "chat-arena": 10.779018684776005,
  "text-to-game": 1.2875082616250406
}