{
  "chat-arena": 3.9982954024169555,
  "text-to-game": 1.4266314407232183,
  "text-to-website": -6.009863807766168
}