{
  "dataviz": 5.401907344422401,
  "p5-animation": 14.770925041422451,
  "threejs": 7.906672041893566,
  "tonejs": 10.266572956460145,
  "chat-arena": 11.198534572696387,
  "text-to-game": 0.9327633998976435,
  "text-to-website": -5.631431075146018
}