{
  "threejs": 5.390441898184051,
  "dataviz": 5.401907344422401,
  "text-to-website": -5.534615070589095,
  "p5-animation": 12.167591067893106,
  "text-to-game": 1.6235230145518411,
  "tonejs": 6.646548481230475,
  "chat-arena": 10.663888644745418
}