{
  "text-to-website": -6.277777853976831,
  "chat-arena": 18.17350199804546,
  "p5-animation": -1.5515713694613034,
  "text-to-game": -3.3318038105438204
}