{
  "text-to-website": -2.367143825202145,
  "text-to-game": -0.5852341881704204,
  "p5-animation": 0.9663833950817828,
  "dataviz": 5.186883778287033,
  "threejs": 3.250044593812768,
  "chat-arena": 8.981752816868958
}