{
  "text-to-game": 0.44038127515708814,
  "tonejs": 3.3026814685402464,
  "p5-animation": 0.9663833950817828,
  "dataviz": 5.186883778287033,
  "threejs": 3.7771371630016866,
  "text-to-website": -2.826345971885123,
  "chat-arena": 9.455412446220413
}