{
  "text-to-game": -3.3318038105438204,
  "text-to-website": -6.879364433573238
}