{
  "text-to-game": 0.38787256014872007,
  "tonejs": 3.3026814685402464,
  "dataviz": 4.767611337766736,
  "p5-animation": 0.9743065592154068,
  "threejs": 3.7771371630016866,
  "text-to-website": -2.826345971885123,
  "chat-arena": 9.455412446220413
}