{
  "text-to-game": 0.16177333437103902,
  "p5-animation": 0.9663833950817828,
  "dataviz": 5.186883778287033,
  "text-to-website": -2.4887490331079047,
  "threejs": 3.037124672132812,
  "chat-arena": 9.455412446220413
}