{
  "p5-animation": 1.5624612026242168,
  "dataviz": 5.186883778287033,
  "text-to-game": -0.07699948711517246,
  "threejs": 3.298008961863602,
  "text-to-website": -2.134427128716786,
  "chat-arena": 8.596996916939965
}