{
  "text-to-website": -8.681067590060323,
  "text-to-game": -4.274283840520058
}