{
  "dataviz": 5.186883778287033,
  "p5-animation": 2.3603580545890974,
  "text-to-game": -0.5993765118957715,
  "text-to-website": -1.5246957752081411,
  "chat-arena": 8.415993844863744,
  "threejs": 2.107932903107394
}