{
  "text-to-website": -3.332966946431064,
  "threejs": 4.705349106655088,
  "chat-arena": 14.932969521053,
  "p5-animation": -1.5515713694613034,
  "text-to-game": -2.693662691439464
}