{
  "threejs": 5.451943670466591,
  "chat-arena": 9.79743057230607,
  "tonejs": 2.829585173154463,
  "dataviz": 10.092702559009219,
  "p5-animation": 8.277538730018465,
  "text-to-game": 3.517404568254042,
  "text-to-website": 4.058672462509717
}