{
  "chat-arena": 10.669817398630524,
  "p5-animation": 9.72011697903951,
  "tonejs": 22.975783855423245,
  "dataviz": 12.714519984873322,
  "text-to-game": 9.65773278093296,
  "threejs": 15.352149380978616,
  "text-to-website": 2.886722617636436
}