{
  "text-to-website": -3.772668285211918,
  "threejs": 5.98350662335333,
  "tonejs": -8.615374373707287,
  "text-to-game": -1.7038142074030214,
  "p5-animation": -1.733283328514739,
  "chat-arena": 9.615827287253381,
  "dataviz": 15.062308797002661
}