{
  "p5-animation": 4.181762772663406,
  "tonejs": -2.8098904588804015,
  "dataviz": 0.8657719830472796,
  "chat-arena": 8.66827571948425,
  "text-to-game": 4.5373812256825214,
  "threejs": 4.886458451165799,
  "text-to-website": -3.2625504317453977
}