{
  "text-to-website": 2.757696870683504,
  "threejs": 15.440767817652102,
  "chat-arena": 12.024401124030156,
  "text-to-game": 9.686339503541403,
  "tonejs": 21.358889535516866
}