{
  "dataviz": 12.450580352986425,
  "tonejs": 7.287322546182995,
  "threejs": 4.879674665925863,
  "p5-animation": -1.7683309441797963,
  "chat-arena": 7.410205322299774,
  "text-to-website": -0.5598128427974227,
  "text-to-game": 0.5814088167681741
}