{
  "tonejs": 4.850782014030447,
  "dataviz": 16.89496854882263,
  "p5-animation": 9.382355576465654,
  "text-to-website": 1.7732992059696642,
  "text-to-game": 1.6262706685260389,
  "threejs": 0.48392156642642536,
  "chat-arena": 11.37328187519561
}