{
  "text-to-website": 2.0052145194707593,
  "dataviz": 20.451365214368227,
  "text-to-game": 3.163609301811243
}