{
  "threejs": 5.378016166192559,
  "text-to-website": 1.9905552925007162,
  "text-to-game": 6.770653780245338,
  "p5-animation": 9.411248125954288,
  "chat-arena": 17.14751931653054
}