{
  "tonejs": -5.6827669924226,
  "threejs": 4.166996808490094,
  "p5-animation": 7.45889875729209,
  "text-to-game": -6.807689936444862,
  "dataviz": 2.7637209300828314,
  "text-to-website": -0.3870787736461878,
  "chat-arena": 9.60282053412545
}