{
  "text-to-website": 3.844316410381063,
  "dataviz": 20.451365214368227,
  "text-to-game": 3.3129965532874683,
  "chat-arena": 19.645075160484712
}