{
  "text-to-website": 4.324030084343242,
  "dataviz": 2.4023732208539386,
  "p5-animation": 0.24575430043258173,
  "text-to-game": 6.730539270275194,
  "threejs": 3.940963660843998,
  "tonejs": -0.6979861169117214,
  "chat-arena": 12.556040282847128
}