{
  "p5-animation": 4.181762772663406,
  "tonejs": -2.8098904588804015,
  "dataviz": 0.8657719830472796,
  "chat-arena": 8.66827571948425,
  "text-to-game": 3.847671489633343,
  "threejs": 4.886458451165799,
  "text-to-website": -2.6763841840881497
}