{
  "dataviz": 12.450580352986425,
  "tonejs": 5.558784737903654,
  "text-to-game": -1.3360472740365692,
  "threejs": 4.879674665925863,
  "p5-animation": -1.7683309441797963,
  "chat-arena": 7.410205322299774,
  "text-to-website": -0.567913118969654
}