{
  "threejs": 5.853135739904271,
  "tonejs": 2.829585173154463,
  "text-to-game": 3.358164251079902,
  "p5-animation": 6.717107478097156,
  "dataviz": 10.092702559009219,
  "chat-arena": 10.606572764652158,
  "text-to-website": 1.2563274772752506
}