{
  "dataviz": 2.4023732208539386,
  "text-to-game": 1.663628551018551,
  "p5-animation": 0.24575430043258173,
  "text-to-website": 14.486496576386823,
  "tonejs": 2.2087155334931445,
  "chat-arena": 12.87542067252267
}