{
  "tonejs": -8.615374373707287,
  "p5-animation": -1.733283328514739,
  "chat-arena": 10.136155917241549,
  "threejs": 5.6741759231772715,
  "dataviz": 14.437370064324998,
  "text-to-website": -1.8987494561735243,
  "text-to-game": -0.3114136961570808
}