{
  "p5-animation": -0.035950383983703205,
  "tonejs": 4.1911803334624835,
  "dataviz": 9.934444453728709,
  "threejs": 5.929931959094063,
  "text-to-game": -0.9131666073400373,
  "chat-arena": 9.870502247242339,
  "text-to-website": -3.846658644791653
}