{
  "dataviz": 12.450580352986425,
  "tonejs": 5.558784737903654,
  "text-to-game": -1.2614877215456701,
  "threejs": 4.879674665925863,
  "p5-animation": -4.220387276739143,
  "chat-arena": 7.410205322299774,
  "text-to-website": -0.3972215043840319
}