{
  "dataviz": 10.78316914330529,
  "tonejs": 5.558784737903654,
  "p5-animation": -3.97267920547206,
  "text-to-game": -2.1076598965317674,
  "threejs": 4.879674665925863,
  "chat-arena": 7.191726544546445,
  "text-to-website": -1.0610923163826642
}