{
  "tonejs": 4.850782014030447,
  "dataviz": 16.89496854882263,
  "text-to-website": 0.32137945706024595,
  "p5-animation": 8.909270621684119,
  "threejs": 0.8795047905471316,
  "text-to-game": 3.56367686601247,
  "chat-arena": 12.04753384688288
}