{
  "text-to-website": -0.7857924214502523,
  "tonejs": 10.545482057266657,
  "p5-animation": 4.052479243236561,
  "dataviz": 9.934444453728709,
  "chat-arena": 9.361523640292145,
  "threejs": 4.634588466844469,
  "text-to-game": 3.1112438001591505
}