{
  "dataviz": 10.78316914330529,
  "p5-animation": -2.8878974106873123,
  "tonejs": 5.558784737903654,
  "text-to-game": -3.584001146288254,
  "threejs": 4.820877488100905,
  "chat-arena": 6.973544407809653,
  "text-to-website": -1.3263798117535823
}