{
  "tonejs": -8.615374373707287,
  "p5-animation": -1.733283328514739,
  "threejs": 5.6741759231772715,
  "chat-arena": 10.392223954034842,
  "dataviz": 14.437370064324998,
  "text-to-website": -2.5526168765829262,
  "text-to-game": -0.5758850167592637
}