{
  "text-to-website": 1.2740390409754427,
  "text-to-game": 6.770653780245338,
  "chat-arena": 6.761290123252245
}