{
  "chat-arena": 6.761290123252245,
  "text-to-game": 6.770653780245338,
  "text-to-website": 1.8797942810407058
}