{
  "chat-arena": 17.14751931653054,
  "p5-animation": 9.411248125954288,
  "text-to-game": 4.918439185620777,
  "text-to-website": 2.4755018216380766,
  "threejs": 5.378016166192559
}