{
  "text-to-website": 3.7265061905349186,
  "chat-arena": 9.851604437365463,
  "threejs": 5.853135739904271,
  "tonejs": 2.829585173154463,
  "dataviz": 10.092702559009219,
  "p5-animation": 8.277538730018465,
  "text-to-game": 3.506533977816191
}