{
  "tonejs": 4.850782014030447,
  "dataviz": 14.702753027719442,
  "text-to-website": 0.4892090616244835,
  "p5-animation": 8.909270621684119,
  "threejs": 0.8795047905471316,
  "text-to-game": 3.687241372301968,
  "chat-arena": 11.572606251294344
}