{
  "chat-arena": 13.065057728783488,
  "p5-animation": 6.581328092282945,
  "threejs": 15.04384857537934,
  "dataviz": 2.572580343960805,
  "text-to-game": 9.513194258994858,
  "tonejs": 21.358889535516866,
  "text-to-website": 2.620953958494443
}