{
  "dataviz": 14.702753027719442,
  "text-to-website": -0.25411195308806755,
  "tonejs": 10.378966249956157,
  "p5-animation": 8.861513750380036,
  "threejs": 0.8795047905471316,
  "text-to-game": 3.112442125540604,
  "chat-arena": 11.833555024641981
}