{
  "text-to-game": 3.8997720293032607,
  "chat-arena": 17.904821098522874,
  "text-to-website": 3.3636538996353833,
  "dataviz": 20.451365214368227,
  "threejs": 3.8210683880137672,
  "tonejs": 0.9153091350711797
}