{
  "chat-arena": 10.669817398630524,
  "threejs": 15.203717635172271,
  "p5-animation": 8.26479291933534,
  "dataviz": 12.714519984873322,
  "text-to-game": 9.882311638067117,
  "tonejs": 21.358889535516866,
  "text-to-website": 2.6752705558051715
}