{
  "text-to-website": 2.0545981022370077,
  "dataviz": 20.451365214368227,
  "text-to-game": 3.144785260050768
}