{
  "p5-animation": -1.8043246447192285,
  "tonejs": 4.1911803334624835,
  "dataviz": 9.934444453728709,
  "text-to-game": -1.9921125478541466,
  "threejs": 5.082028487174929,
  "chat-arena": 9.870502247242339,
  "text-to-website": -3.825264841571534
}