{
  "chat-arena": 9.851604437365463,
  "threejs": 5.853135739904271,
  "tonejs": 2.829585173154463,
  "text-to-game": 3.6554200699717856,
  "text-to-website": 3.137326690741124,
  "dataviz": 10.092702559009219,
  "p5-animation": 8.277538730018465
}