{
  "dataviz": 14.702753027719442,
  "tonejs": 8.347497215740717,
  "text-to-website": -0.2854312113742128,
  "p5-animation": 8.909270621684119,
  "threejs": 0.8795047905471316,
  "text-to-game": 3.2336526310366915,
  "chat-arena": 11.833555024641981
}