{
  "text-to-website": -0.8680004486079422,
  "tonejs": 10.545482057266657,
  "p5-animation": 5.067919671645393,
  "dataviz": 9.934444453728709,
  "chat-arena": 9.520530346423431,
  "threejs": 4.634588466844469,
  "text-to-game": 2.205964494087252
}