{
  "chat-arena": 9.628406968889184,
  "text-to-website": 2.228507338367674,
  "p5-animation": 9.72011697903951,
  "tonejs": 22.975783855423245,
  "dataviz": 12.714519984873322,
  "threejs": 15.882775190676966,
  "text-to-game": 9.314161306126518
}