{
  "chat-arena": 9.851604437365463,
  "threejs": 5.853135739904271,
  "tonejs": 2.829585173154463,
  "text-to-game": 2.7678405689367063,
  "p5-animation": 6.801338152971628,
  "dataviz": 10.092702559009219,
  "text-to-website": 2.6749714008790773
}