{
  "text-to-website": 2.329096705981824,
  "dataviz": 20.451365214368227,
  "text-to-game": 2.2685613254290917
}