{
  "chat-arena": 11.756682331148944,
  "text-to-game": 9.479915898623112,
  "text-to-website": 3.5479098752525196,
  "threejs": 15.292188604513077,
  "tonejs": 21.358889535516866
}