{
  "tonejs": 10.545482057266657,
  "p5-animation": 5.067919671645393,
  "dataviz": 9.934444453728709,
  "chat-arena": 9.520530346423431,
  "text-to-website": -2.1208351811267314,
  "threejs": 4.634588466844469,
  "text-to-game": 0.4322888191252572
}