{
  "dataviz": 2.4023732208539386,
  "p5-animation": 0.24575430043258173,
  "text-to-website": 5.912379686488542,
  "threejs": 3.940963660843998,
  "tonejs": -0.6979861169117214,
  "text-to-game": 9.12673666078798,
  "chat-arena": 16.327230240574014
}