{
  "threejs": 5.451943670466591,
  "tonejs": 2.829585173154463,
  "dataviz": 10.092702559009219,
  "chat-arena": 10.323331304848146,
  "p5-animation": 8.277538730018465,
  "text-to-game": 3.117664205440076,
  "text-to-website": 3.7357030451975812
}