{
  "threejs": 5.691836586489125,
  "tonejs": -8.615374373707287,
  "text-to-game": -2.125754298943913,
  "p5-animation": -1.733283328514739,
  "chat-arena": 10.136155917241549,
  "dataviz": 19.59970052848956,
  "text-to-website": -2.9268478089171115
}