{
  "dataviz": 14.702753027719442,
  "tonejs": 8.347497215740717,
  "text-to-website": 0.18801339749966095,
  "p5-animation": 8.909270621684119,
  "threejs": 0.8795047905471316,
  "text-to-game": 3.5975620128475922,
  "chat-arena": 11.833555024641981
}