{
  "p5-animation": 3.0761871854982044,
  "tonejs": -2.8098904588804015,
  "dataviz": 0.8657719830472796,
  "text-to-website": -2.9297018851295356,
  "threejs": 3.525612919367723,
  "chat-arena": 8.491885225237482,
  "text-to-game": 3.875668796729414
}