{
  "chat-arena": 11.756682331148944,
  "text-to-game": 10.858729116124145,
  "threejs": 15.292188604513077,
  "text-to-website": 3.1653037458646414,
  "tonejs": 21.358889535516866
}