{
  "chat-arena": 9.628406968889184,
  "p5-animation": 9.72011697903951,
  "tonejs": 22.975783855423245,
  "dataviz": 12.714519984873322,
  "threejs": 15.534221299147731,
  "text-to-game": 9.198484659243423,
  "text-to-website": 1.9925660706122605
}