{
  "p5-animation": 4.0247617747857305,
  "tonejs": -2.8098904588804015,
  "dataviz": 0.8657719830472796,
  "threejs": 4.6318827919583105,
  "chat-arena": 8.491885225237482,
  "text-to-game": 3.886968770950638,
  "text-to-website": -2.5864543349028226
}