{
  "dataviz": 12.450580352986425,
  "tonejs": 6.658480044333352,
  "threejs": 4.879674665925863,
  "p5-animation": -1.7683309441797963,
  "chat-arena": 7.410205322299774,
  "text-to-website": -0.301104417708399,
  "text-to-game": 1.0788461538044434
}