{
  "text-to-website": -0.7857924214502523,
  "tonejs": 10.545482057266657,
  "p5-animation": 5.067919671645393,
  "dataviz": 9.934444453728709,
  "text-to-game": 1.8319255598817126,
  "chat-arena": 9.520530346423431,
  "threejs": 4.634588466844469
}