{
  "text-to-website": -1.613869412516597,
  "text-to-game": 4.868732608900155,
  "chat-arena": 6.761290123252245
}