{
  "chat-arena": 10.669817398630524,
  "p5-animation": 8.26479291933534,
  "tonejs": 22.975783855423245,
  "dataviz": 12.714519984873322,
  "text-to-game": 9.205990147491153,
  "threejs": 15.352149380978616,
  "text-to-website": 2.886722617636436
}