{
  "threejs": 5.378016166192559,
  "text-to-game": 4.918439185620777,
  "p5-animation": 9.411248125954288,
  "text-to-website": 4.026017041443832,
  "chat-arena": 17.14751931653054
}