{
  "text-to-game": 4.188457808406154,
  "chat-arena": 11.11982958577573,
  "text-to-website": 4.0369412115835885,
  "dataviz": 20.451365214368227,
  "threejs": 3.8210683880137672,
  "tonejs": 0.9153091350711797
}