{
  "p5-animation": 6.001173317168394,
  "tonejs": -2.8098904588804015,
  "chat-arena": 8.66827571948425,
  "dataviz": -0.15513588452094318,
  "text-to-game": 3.325529097792854,
  "threejs": 5.2200250854707715,
  "text-to-website": -2.8373531157177903
}