{
  "chat-arena": 10.655512414575323,
  "threejs": 5.853135739904271,
  "tonejs": 2.829585173154463,
  "text-to-game": 2.9358054462356655,
  "p5-animation": 6.717107478097156,
  "dataviz": 10.092702559009219,
  "text-to-website": 1.2563274772752506
}