{
  "threejs": 12.67092112006567,
  "dataviz": 4.210241268149293,
  "text-to-game": 0.7859112602076381,
  "text-to-website": 1.675569927427064,
  "chat-arena": 9.0251187514149,
  "p5-animation": 13.639298594180627
}