{
  "threejs": 12.67092112006567,
  "dataviz": 4.210241268149293,
  "text-to-game": 1.2145204729212873,
  "text-to-website": 1.201072051490768,
  "chat-arena": 8.91106702342278,
  "p5-animation": 13.639298594180627
}