{
  "threejs": 9.356396186734646,
  "dataviz": 4.210241268149293,
  "chat-arena": 9.957792407793233,
  "text-to-website": 2.088722554607567,
  "p5-animation": 11.996101507743942,
  "text-to-game": 1.0574726560745198
}