{
  "dataviz": 4.210241268149293,
  "text-to-website": 1.7554433067238167,
  "text-to-game": 1.4490609802238144,
  "threejs": 11.175243878814925,
  "chat-arena": 10.101067119568885,
  "p5-animation": 13.639298594180627
}