{
  "dataviz": 4.210241268149293,
  "text-to-game": 1.284209230702289,
  "threejs": 11.175243878814925,
  "chat-arena": 9.878059427224791,
  "p5-animation": 11.996101507743942,
  "text-to-website": 2.352130416632203
}