{
  "dataviz": 4.210241268149293,
  "text-to-website": 2.292950604331619,
  "text-to-game": 1.4490609802238144,
  "threejs": 11.175243878814925,
  "chat-arena": 9.878059427224791,
  "p5-animation": 14.179285865881454
}