{
  "dataviz": 4.210241268149293,
  "text-to-website": 2.3715175097450016,
  "text-to-game": 0.8693298279168182,
  "threejs": 11.175243878814925,
  "chat-arena": 9.878059427224791,
  "p5-animation": 14.179285865881454
}